{"type":"Topology","bbox":[-89.19314,-31.042669,149.359335,48.705613],"objects":{"disputed":{"type":"GeometryCollection","geometries":[{"type":"LineString","arcs":[0],"bbox":[148.897512,45.182721,149.359335,46.17076],"properties":{"FEATURECLA":"Claim boundary","NAME":"Japanese claim","COMMENT":null,"ADM0_USA":1,"ADM0_LEFT":"Russia","ADM0_RIGHT":"Russia","ADM0_A3_L":"RUS","ADM0_A3_R":"RUS","SOV_A3_L":"RUS","SOV_A3_R":"RUS","LEFT_LABEL":0,"RIGHT_LABE":0,"BRK_A3_L":"B29","BRK_A3_R":null,"BRK_NAME_L":null,"BRK_NAME_R":null,"NOTE":null,"SCALERANK":6,"MIN_ZOOM":4,"FCLASS_ISO":"Unrecognized","FCLASS_US":null,"FCLASS_FR":null,"FCLASS_RU":"Unrecognized","FCLASS_ES":null,"FCLASS_CN":"International boundary (verify)","FCLASS_TW":null,"FCLASS_IN":null,"FCLASS_NP":null,"FCLASS_PK":null,"FCLASS_DE":null,"FCLASS_GB":null,"FCLASS_BR":null,"FCLASS_IL":null,"FCLASS_PS":null,"FCLASS_SA":null,"FCLASS_EG":null,"FCLASS_MA":null,"FCLASS_PT":null,"FCLASS_AR":null,"FCLASS_JP":"International boundary (verify)","FCLASS_KO":null,"FCLASS_VN":null,"FCLASS_TR":null,"FCLASS_ID":null,"FCLASS_PL":null,"FCLASS_GR":null,"FCLASS_IT":null,"FCLASS_NL":null,"FCLASS_SE":null,"FCLASS_BD":null,"BRK_A3":"B29","FCLASS_UA":null,"ne_id":1746705361,"FCLASS_OSM":"Unrecognized","FCLASS_TLC":null}},{"type":"LineString","arcs":[1],"bbox":[47.182097,39.755714,47.319726,39.873588],"properties":{"FEATURECLA":"Reference line","NAME":"Former USSR oblast in 1991","COMMENT":"Nagorno-Karabakh Autonomous Oblast, circa 1991","ADM0_USA":-1,"ADM0_LEFT":null,"ADM0_RIGHT":null,"ADM0_A3_L":"AZE","ADM0_A3_R":"AZE","SOV_A3_L":"AZE","SOV_A3_R":"AZE","LEFT_LABEL":0,"RIGHT_LABE":0,"BRK_A3_L":"B38","BRK_A3_R":null,"BRK_NAME_L":null,"BRK_NAME_R":null,"NOTE":null,"SCALERANK":6,"MIN_ZOOM":5,"FCLASS_ISO":"Unrecognized","FCLASS_US":"Unrecognized","FCLASS_FR":"Unrecognized","FCLASS_RU":"Unrecognized","FCLASS_ES":"Unrecognized","FCLASS_CN":"Unrecognized","FCLASS_TW":"Unrecognized","FCLASS_IN":"Unrecognized","FCLASS_NP":"Unrecognized","FCLASS_PK":"Unrecognized","FCLASS_DE":"Unrecognized","FCLASS_GB":"Unrecognized","FCLASS_BR":"Unrecognized","FCLASS_IL":"Unrecognized","FCLASS_PS":"Unrecognized","FCLASS_SA":"Unrecognized","FCLASS_EG":"Unrecognized","FCLASS_MA":"Unrecognized","FCLASS_PT":"Unrecognized","FCLASS_AR":"Unrecognized","FCLASS_JP":"Unrecognized","FCLASS_KO":"Unrecognized","FCLASS_VN":"Unrecognized","FCLASS_TR":"Unrecognized","FCLASS_ID":"Unrecognized","FCLASS_PL":"Unrecognized","FCLASS_GR":"Unrecognized","FCLASS_IT":"Unrecognized","FCLASS_NL":"Unrecognized","FCLASS_SE":"Unrecognized","FCLASS_BD":"Unrecognized","BRK_A3":"B38","FCLASS_UA":"Unrecognized","ne_id":1746705365,"FCLASS_OSM":"Unrecognized","FCLASS_TLC":null}},{"type":"LineString","arcs":[2],"bbox":[46.728813,40.305086,46.947501,40.419808],"properties":{"FEATURECLA":"Reference line","NAME":"Former USSR oblast in 1991","COMMENT":"Nagorno-Karabakh Autonomous Oblast, circa 1991","ADM0_USA":-1,"ADM0_LEFT":null,"ADM0_RIGHT":null,"ADM0_A3_L":"AZE","ADM0_A3_R":"AZE","SOV_A3_L":"AZE","SOV_A3_R":"AZE","LEFT_LABEL":0,"RIGHT_LABE":0,"BRK_A3_L":"B38","BRK_A3_R":null,"BRK_NAME_L":null,"BRK_NAME_R":null,"NOTE":null,"SCALERANK":6,"MIN_ZOOM":5,"FCLASS_ISO":"Unrecognized","FCLASS_US":"Unrecognized","FCLASS_FR":"Unrecognized","FCLASS_RU":"Unrecognized","FCLASS_ES":"Unrecognized","FCLASS_CN":"Unrecognized","FCLASS_TW":"Unrecognized","FCLASS_IN":"Unrecognized","FCLASS_NP":"Unrecognized","FCLASS_PK":"Unrecognized","FCLASS_DE":"Unrecognized","FCLASS_GB":"Unrecognized","FCLASS_BR":"Unrecognized","FCLASS_IL":"Unrecognized","FCLASS_PS":"Unrecognized","FCLASS_SA":"Unrecognized","FCLASS_EG":"Unrecognized","FCLASS_MA":"Unrecognized","FCLASS_PT":"Unrecognized","FCLASS_AR":"Unrecognized","FCLASS_JP":"Unrecognized","FCLASS_KO":"Unrecognized","FCLASS_VN":"Unrecognized","FCLASS_TR":"Unrecognized","FCLASS_ID":"Unrecognized","FCLASS_PL":"Unrecognized","FCLASS_GR":"Unrecognized","FCLASS_IT":"Unrecognized","FCLASS_NL":"Unrecognized","FCLASS_SE":"Unrecognized","FCLASS_BD":"Unrecognized","BRK_A3":"B38","FCLASS_UA":"Unrecognized","ne_id":1746705369,"FCLASS_OSM":"Unrecognized","FCLASS_TLC":null}},{"type":"LineString","arcs":[3],"bbox":[88.982966,27.491888,89.160582,27.614852],"properties":{"FEATURECLA":"Claim boundary","NAME":"Chinese claim","COMMENT":null,"ADM0_USA":1,"ADM0_LEFT":"Bhutan","ADM0_RIGHT":"Bhutan","ADM0_A3_L":"BTN","ADM0_A3_R":"BTN","SOV_A3_L":"BTN","SOV_A3_R":"BTN","LEFT_LABEL":0,"RIGHT_LABE":0,"BRK_A3_L":"B76","BRK_A3_R":null,"BRK_NAME_L":null,"BRK_NAME_R":null,"NOTE":null,"SCALERANK":6,"MIN_ZOOM":6.7,"FCLASS_ISO":null,"FCLASS_US":"Unrecognized","FCLASS_FR":"Unrecognized","FCLASS_RU":"Unrecognized","FCLASS_ES":"Unrecognized","FCLASS_CN":"International boundary (verify)","FCLASS_TW":"Unrecognized","FCLASS_IN":"Unrecognized","FCLASS_NP":"Unrecognized","FCLASS_PK":"Unrecognized","FCLASS_DE":"Unrecognized","FCLASS_GB":"Unrecognized","FCLASS_BR":"Unrecognized","FCLASS_IL":"Unrecognized","FCLASS_PS":"Unrecognized","FCLASS_SA":"Unrecognized","FCLASS_EG":"Unrecognized","FCLASS_MA":"Unrecognized","FCLASS_PT":"Unrecognized","FCLASS_AR":"Unrecognized","FCLASS_JP":"Unrecognized","FCLASS_KO":"Unrecognized","FCLASS_VN":"Unrecognized","FCLASS_TR":"Unrecognized","FCLASS_ID":"Unrecognized","FCLASS_PL":"Unrecognized","FCLASS_GR":"Unrecognized","FCLASS_IT":"Unrecognized","FCLASS_NL":"Unrecognized","FCLASS_SE":"Unrecognized","FCLASS_BD":"Unrecognized","BRK_A3":"B76","FCLASS_UA":"Unrecognized","ne_id":1746705373,"FCLASS_OSM":"International boundary (verify)","FCLASS_TLC":null}},{"type":"MultiLineString","arcs":[[4],[5],[6],[7],[8],[9],[10],[11],[12],[13],[14],[15],[16],[17],[18],[19],[20],[21],[22],[23],[24],[25],[26],[27],[28],[29],[30],[31],[32],[33],[34],[35],[36],[37],[38],[39],[40],[41],[42],[43]],"bbox":[28.501113,46.553129,29.898826,48.120604],"properties":{"FEATURECLA":"Breakaway","NAME":"Moldovan claim","COMMENT":null,"ADM0_USA":-1,"ADM0_LEFT":"Moldova","ADM0_RIGHT":"Moldova","ADM0_A3_L":"MDA","ADM0_A3_R":"MDA","SOV_A3_L":"MDA","SOV_A3_R":"MDA","LEFT_LABEL":5,"RIGHT_LABE":0,"BRK_A3_L":"B36","BRK_A3_R":null,"BRK_NAME_L":"Transdniestria","BRK_NAME_R":null,"NOTE":"(Self admin., Claimed by Moldova)","SCALERANK":6,"MIN_ZOOM":5,"FCLASS_ISO":"Unrecognized","FCLASS_US":null,"FCLASS_FR":"Unrecognized","FCLASS_RU":null,"FCLASS_ES":"Unrecognized","FCLASS_CN":"Unrecognized","FCLASS_TW":"Unrecognized","FCLASS_IN":"Unrecognized","FCLASS_NP":"Unrecognized","FCLASS_PK":"Unrecognized","FCLASS_DE":"Unrecognized","FCLASS_GB":"Unrecognized","FCLASS_BR":"Unrecognized","FCLASS_IL":"Unrecognized","FCLASS_PS":"Unrecognized","FCLASS_SA":"Unrecognized","FCLASS_EG":"Unrecognized","FCLASS_MA":"Unrecognized","FCLASS_PT":"Unrecognized","FCLASS_AR":"Unrecognized","FCLASS_JP":"Unrecognized","FCLASS_KO":"Unrecognized","FCLASS_VN":"Unrecognized","FCLASS_TR":"Unrecognized","FCLASS_ID":"Unrecognized","FCLASS_PL":"Unrecognized","FCLASS_GR":"Unrecognized","FCLASS_IT":"Unrecognized","FCLASS_NL":"Unrecognized","FCLASS_SE":"Unrecognized","FCLASS_BD":"Unrecognized","BRK_A3":"B36","FCLASS_UA":"Unrecognized","ne_id":1746705379,"FCLASS_OSM":"Admin-1 boundary","FCLASS_TLC":"Unrecognized"}},{"type":"LineString","arcs":[44],"bbox":[41.551195,42.406457,42.154334,43.217498],"properties":{"FEATURECLA":"Breakaway","NAME":"Georgian claim","COMMENT":null,"ADM0_USA":1,"ADM0_LEFT":"Georgia","ADM0_RIGHT":"Georgia","ADM0_A3_L":"GEO","ADM0_A3_R":"GEO","SOV_A3_L":"GEO","SOV_A3_R":"GEO","LEFT_LABEL":5,"RIGHT_LABE":0,"BRK_A3_L":"B35","BRK_A3_R":null,"BRK_NAME_L":"Abkhazia","BRK_NAME_R":null,"NOTE":"(Self admin., Claimed by Georgia)","SCALERANK":6,"MIN_ZOOM":5,"FCLASS_ISO":"Unrecognized","FCLASS_US":null,"FCLASS_FR":null,"FCLASS_RU":"International boundary (verify)","FCLASS_ES":null,"FCLASS_CN":"Unrecognized","FCLASS_TW":"Unrecognized","FCLASS_IN":"Unrecognized","FCLASS_NP":"Unrecognized","FCLASS_PK":"Unrecognized","FCLASS_DE":"Unrecognized","FCLASS_GB":null,"FCLASS_BR":"Unrecognized","FCLASS_IL":"Unrecognized","FCLASS_PS":"Unrecognized","FCLASS_SA":"Unrecognized","FCLASS_EG":"Unrecognized","FCLASS_MA":"Unrecognized","FCLASS_PT":null,"FCLASS_AR":"Unrecognized","FCLASS_JP":"Unrecognized","FCLASS_KO":"Unrecognized","FCLASS_VN":"Unrecognized","FCLASS_TR":"Unrecognized","FCLASS_ID":"Unrecognized","FCLASS_PL":"Unrecognized","FCLASS_GR":"Unrecognized","FCLASS_IT":null,"FCLASS_NL":null,"FCLASS_SE":null,"FCLASS_BD":"Unrecognized","BRK_A3":"B35","FCLASS_UA":"Unrecognized","ne_id":1746705383,"FCLASS_OSM":"Unrecognized","FCLASS_TLC":null}},{"type":"MultiLineString","arcs":[[45],[46],[47],[48],[49],[50],[51],[52],[53],[54],[55],[56],[57],[58],[59],[60],[61],[62],[63],[64]],"bbox":[43.559387,41.989867,44.648726,42.753213],"properties":{"FEATURECLA":"Breakaway","NAME":"Georgian claim","COMMENT":null,"ADM0_USA":1,"ADM0_LEFT":"Georgia","ADM0_RIGHT":"Georgia","ADM0_A3_L":"GEO","ADM0_A3_R":"GEO","SOV_A3_L":"GEO","SOV_A3_R":"GEO","LEFT_LABEL":5,"RIGHT_LABE":0,"BRK_A3_L":"B37","BRK_A3_R":null,"BRK_NAME_L":"South Ossetia","BRK_NAME_R":null,"NOTE":"(Self admin., Claimed by Georgia)","SCALERANK":6,"MIN_ZOOM":5,"FCLASS_ISO":"Unrecognized","FCLASS_US":null,"FCLASS_FR":null,"FCLASS_RU":"International boundary (verify)","FCLASS_ES":null,"FCLASS_CN":"Unrecognized","FCLASS_TW":"Unrecognized","FCLASS_IN":"Unrecognized","FCLASS_NP":"Unrecognized","FCLASS_PK":"Unrecognized","FCLASS_DE":"Unrecognized","FCLASS_GB":null,"FCLASS_BR":"Unrecognized","FCLASS_IL":"Unrecognized","FCLASS_PS":"Unrecognized","FCLASS_SA":"Unrecognized","FCLASS_EG":"Unrecognized","FCLASS_MA":"Unrecognized","FCLASS_PT":null,"FCLASS_AR":"Unrecognized","FCLASS_JP":"Unrecognized","FCLASS_KO":"Unrecognized","FCLASS_VN":"Unrecognized","FCLASS_TR":"Unrecognized","FCLASS_ID":"Unrecognized","FCLASS_PL":"Unrecognized","FCLASS_GR":"Unrecognized","FCLASS_IT":null,"FCLASS_NL":null,"FCLASS_SE":null,"FCLASS_BD":"Unrecognized","BRK_A3":"B37","FCLASS_UA":"Unrecognized","ne_id":1746705385,"FCLASS_OSM":"Admin-1 boundary","FCLASS_TLC":null}},{"type":"MultiLineString","arcs":[[65],[66],[67],[68],[69],[70],[71],[72],[73],[74],[75],[76],[77],[78],[79],[80],[81],[82],[83]],"bbox":[-58.430356,1.469805,-57.422046,3.367121],"properties":{"FEATURECLA":"Claim boundary","NAME":"Suriname claim","COMMENT":null,"ADM0_USA":-1,"ADM0_LEFT":"Guyana","ADM0_RIGHT":"Guyana","ADM0_A3_L":"GUY","ADM0_A3_R":"GUY","SOV_A3_L":"GUY","SOV_A3_R":"GUY","LEFT_LABEL":5,"RIGHT_LABE":0,"BRK_A3_L":"B15","BRK_A3_R":null,"BRK_NAME_L":"Courantyne Headwaters","BRK_NAME_R":null,"NOTE":"(Admin. by Guyana, claimed by Suriname)","SCALERANK":6,"MIN_ZOOM":6,"FCLASS_ISO":"Unrecognized","FCLASS_US":"Unrecognized","FCLASS_FR":"Unrecognized","FCLASS_RU":"Unrecognized","FCLASS_ES":"Unrecognized","FCLASS_CN":"Unrecognized","FCLASS_TW":"Unrecognized","FCLASS_IN":"Unrecognized","FCLASS_NP":"Unrecognized","FCLASS_PK":"Unrecognized","FCLASS_DE":"Unrecognized","FCLASS_GB":"Unrecognized","FCLASS_BR":"Unrecognized","FCLASS_IL":"Unrecognized","FCLASS_PS":"Unrecognized","FCLASS_SA":"Unrecognized","FCLASS_EG":"Unrecognized","FCLASS_MA":"Unrecognized","FCLASS_PT":"Unrecognized","FCLASS_AR":"Unrecognized","FCLASS_JP":"Unrecognized","FCLASS_KO":"Unrecognized","FCLASS_VN":"Unrecognized","FCLASS_TR":"Unrecognized","FCLASS_ID":"Unrecognized","FCLASS_PL":"Unrecognized","FCLASS_GR":"Unrecognized","FCLASS_IT":"Unrecognized","FCLASS_NL":"Unrecognized","FCLASS_SE":"Unrecognized","FCLASS_BD":"Unrecognized","BRK_A3":"B15","FCLASS_UA":"Unrecognized","ne_id":1746705391,"FCLASS_OSM":"Unrecognized","FCLASS_TLC":"Unrecognized"}},{"type":"MultiLineString","arcs":[[84],[85],[86],[87],[88]],"bbox":[-54.166224,2.11427,-53.972851,3.309314],"properties":{"FEATURECLA":"Claim boundary","NAME":"Suriname claim","COMMENT":null,"ADM0_USA":-1,"ADM0_LEFT":"France","ADM0_RIGHT":"France","ADM0_A3_L":"FRA","ADM0_A3_R":"FRA","SOV_A3_L":"FR1","SOV_A3_R":"FR1","LEFT_LABEL":5,"RIGHT_LABE":0,"BRK_A3_L":"B14","BRK_A3_R":null,"BRK_NAME_L":"Lawa Headwaters","BRK_NAME_R":null,"NOTE":"(Admin. by France, claimed by Suriname)","SCALERANK":6,"MIN_ZOOM":6,"FCLASS_ISO":"Unrecognized","FCLASS_US":"Unrecognized","FCLASS_FR":"Unrecognized","FCLASS_RU":"Unrecognized","FCLASS_ES":"Unrecognized","FCLASS_CN":"Unrecognized","FCLASS_TW":"Unrecognized","FCLASS_IN":"Unrecognized","FCLASS_NP":"Unrecognized","FCLASS_PK":"Unrecognized","FCLASS_DE":"Unrecognized","FCLASS_GB":"Unrecognized","FCLASS_BR":"Unrecognized","FCLASS_IL":"Unrecognized","FCLASS_PS":"Unrecognized","FCLASS_SA":"Unrecognized","FCLASS_EG":"Unrecognized","FCLASS_MA":"Unrecognized","FCLASS_PT":"Unrecognized","FCLASS_AR":"Unrecognized","FCLASS_JP":"Unrecognized","FCLASS_KO":"Unrecognized","FCLASS_VN":"Unrecognized","FCLASS_TR":"Unrecognized","FCLASS_ID":"Unrecognized","FCLASS_PL":"Unrecognized","FCLASS_GR":"Unrecognized","FCLASS_IT":"Unrecognized","FCLASS_NL":"Unrecognized","FCLASS_SE":"Unrecognized","FCLASS_BD":"Unrecognized","BRK_A3":"B14","FCLASS_UA":"Unrecognized","ne_id":1746705397,"FCLASS_OSM":"Unrecognized","FCLASS_TLC":"Unrecognized"}},{"type":"MultiLineString","arcs":[[89],[90],[91],[92]],"bbox":[78.848654,31.074694,79.382593,31.290908],"properties":{"FEATURECLA":"Claim boundary","NAME":"Chinese claim","COMMENT":null,"ADM0_USA":1,"ADM0_LEFT":"India","ADM0_RIGHT":"India","ADM0_A3_L":"IND","ADM0_A3_R":"IND","SOV_A3_L":"IND","SOV_A3_R":"IND","LEFT_LABEL":5,"RIGHT_LABE":0,"BRK_A3_L":"B01","BRK_A3_R":null,"BRK_NAME_L":"Tirpani Valleys","BRK_NAME_R":null,"NOTE":"(Admin. by India, Claimed by China)","SCALERANK":6,"MIN_ZOOM":5,"FCLASS_ISO":null,"FCLASS_US":null,"FCLASS_FR":null,"FCLASS_RU":"International boundary (verify)","FCLASS_ES":null,"FCLASS_CN":"International boundary (verify)","FCLASS_TW":"International boundary (verify)","FCLASS_IN":"Unrecognized","FCLASS_NP":null,"FCLASS_PK":"Unrecognized","FCLASS_DE":null,"FCLASS_GB":null,"FCLASS_BR":null,"FCLASS_IL":null,"FCLASS_PS":null,"FCLASS_SA":null,"FCLASS_EG":null,"FCLASS_MA":null,"FCLASS_PT":null,"FCLASS_AR":null,"FCLASS_JP":null,"FCLASS_KO":null,"FCLASS_VN":null,"FCLASS_TR":"Unrecognized","FCLASS_ID":null,"FCLASS_PL":null,"FCLASS_GR":null,"FCLASS_IT":null,"FCLASS_NL":null,"FCLASS_SE":null,"FCLASS_BD":null,"BRK_A3":"B01","FCLASS_UA":null,"ne_id":1746705401,"FCLASS_OSM":"Unrecognized","FCLASS_TLC":null}},{"type":"LineString","arcs":[93],"bbox":[79.91937,30.559479,80.179839,30.881182],"properties":{"FEATURECLA":"Claim boundary","NAME":"Chinese claim","COMMENT":null,"ADM0_USA":1,"ADM0_LEFT":"India","ADM0_RIGHT":"India","ADM0_A3_L":"IND","ADM0_A3_R":"IND","SOV_A3_L":"IND","SOV_A3_R":"IND","LEFT_LABEL":5,"RIGHT_LABE":0,"BRK_A3_L":"B02","BRK_A3_R":null,"BRK_NAME_L":"Bara Hotii Valleys","BRK_NAME_R":null,"NOTE":"(Admin. by India, Claimed by China)","SCALERANK":7,"MIN_ZOOM":5,"FCLASS_ISO":null,"FCLASS_US":null,"FCLASS_FR":null,"FCLASS_RU":"International boundary (verify)","FCLASS_ES":null,"FCLASS_CN":"International boundary (verify)","FCLASS_TW":"International boundary (verify)","FCLASS_IN":"Unrecognized","FCLASS_NP":null,"FCLASS_PK":"Unrecognized","FCLASS_DE":null,"FCLASS_GB":null,"FCLASS_BR":null,"FCLASS_IL":null,"FCLASS_PS":null,"FCLASS_SA":null,"FCLASS_EG":null,"FCLASS_MA":null,"FCLASS_PT":null,"FCLASS_AR":null,"FCLASS_JP":null,"FCLASS_KO":null,"FCLASS_VN":null,"FCLASS_TR":"Unrecognized","FCLASS_ID":null,"FCLASS_PL":null,"FCLASS_GR":null,"FCLASS_IT":null,"FCLASS_NL":null,"FCLASS_SE":null,"FCLASS_BD":null,"BRK_A3":"B02","FCLASS_UA":null,"ne_id":1746705405,"FCLASS_OSM":"Unrecognized","FCLASS_TLC":null}},{"type":"MultiLineString","arcs":[[94],[95],[96]],"bbox":[78.38181,31.883016,78.714192,32.226533],"properties":{"FEATURECLA":"Claim boundary","NAME":"Chinese claim","COMMENT":null,"ADM0_USA":1,"ADM0_LEFT":"India","ADM0_RIGHT":"India","ADM0_A3_L":"IND","ADM0_A3_R":"IND","SOV_A3_L":"IND","SOV_A3_R":"IND","LEFT_LABEL":5,"RIGHT_LABE":0,"BRK_A3_L":"B04","BRK_A3_R":null,"BRK_NAME_L":"Samdu Valleys","BRK_NAME_R":null,"NOTE":"(Admin. by India, Claimed by China)","SCALERANK":7,"MIN_ZOOM":5,"FCLASS_ISO":null,"FCLASS_US":null,"FCLASS_FR":null,"FCLASS_RU":"International boundary (verify)","FCLASS_ES":null,"FCLASS_CN":"International boundary (verify)","FCLASS_TW":"International boundary (verify)","FCLASS_IN":"Unrecognized","FCLASS_NP":null,"FCLASS_PK":"Unrecognized","FCLASS_DE":null,"FCLASS_GB":null,"FCLASS_BR":null,"FCLASS_IL":null,"FCLASS_PS":null,"FCLASS_SA":null,"FCLASS_EG":null,"FCLASS_MA":null,"FCLASS_PT":null,"FCLASS_AR":null,"FCLASS_JP":null,"FCLASS_KO":null,"FCLASS_VN":null,"FCLASS_TR":"Unrecognized","FCLASS_ID":null,"FCLASS_PL":null,"FCLASS_GR":null,"FCLASS_IT":null,"FCLASS_NL":null,"FCLASS_SE":null,"FCLASS_BD":null,"BRK_A3":"B04","FCLASS_UA":null,"ne_id":1746705409,"FCLASS_OSM":"Unrecognized","FCLASS_TLC":null}},{"type":"MultiLineString","arcs":[[97],[98],[99],[100],[101],[102],[103],[104],[105]],"bbox":[75.981083,35.477439,77.519608,36.445444],"properties":{"FEATURECLA":"Claim boundary","NAME":"Indian claim","COMMENT":null,"ADM0_USA":-1,"ADM0_LEFT":"China","ADM0_RIGHT":"China","ADM0_A3_L":"CHN","ADM0_A3_R":"CHN","SOV_A3_L":"CH1","SOV_A3_R":"CH1","LEFT_LABEL":0,"RIGHT_LABE":5,"BRK_A3_L":null,"BRK_A3_R":"B06","BRK_NAME_L":null,"BRK_NAME_R":"Shaksam Valley","NOTE":"(Admin. by China, Ceded to China by Pakistan, Claimed by India)","SCALERANK":6,"MIN_ZOOM":3.7,"FCLASS_ISO":null,"FCLASS_US":null,"FCLASS_FR":null,"FCLASS_RU":"Unrecognized","FCLASS_ES":null,"FCLASS_CN":"Unrecognized","FCLASS_TW":"Unrecognized","FCLASS_IN":"International boundary (verify)","FCLASS_NP":"Disputed (please verify)","FCLASS_PK":"Unrecognized","FCLASS_DE":null,"FCLASS_GB":null,"FCLASS_BR":null,"FCLASS_IL":null,"FCLASS_PS":null,"FCLASS_SA":null,"FCLASS_EG":null,"FCLASS_MA":null,"FCLASS_PT":null,"FCLASS_AR":null,"FCLASS_JP":null,"FCLASS_KO":null,"FCLASS_VN":null,"FCLASS_TR":"Unrecognized","FCLASS_ID":null,"FCLASS_PL":null,"FCLASS_GR":null,"FCLASS_IT":null,"FCLASS_NL":null,"FCLASS_SE":null,"FCLASS_BD":null,"BRK_A3":"B06","FCLASS_UA":null,"ne_id":1746705415,"FCLASS_OSM":"Unrecognized","FCLASS_TLC":null}},{"type":"LineString","arcs":[106],"bbox":[34.381188,4.619497,35.61214,4.620158],"properties":{"FEATURECLA":"Claim boundary","NAME":"South Sudanese claim","COMMENT":null,"ADM0_USA":1,"ADM0_LEFT":"Kenya","ADM0_RIGHT":"Kenya","ADM0_A3_L":"KEN","ADM0_A3_R":"KEN","SOV_A3_L":"KEN","SOV_A3_R":"KEN","LEFT_LABEL":0,"RIGHT_LABE":5,"BRK_A3_L":null,"BRK_A3_R":"B17","BRK_NAME_L":null,"BRK_NAME_R":"Ilemi Triangle","NOTE":"(Admin. by Kenya, Claimed by S. Sudan)","SCALERANK":6,"MIN_ZOOM":5,"FCLASS_ISO":null,"FCLASS_US":null,"FCLASS_FR":null,"FCLASS_RU":null,"FCLASS_ES":null,"FCLASS_CN":"International boundary (verify)","FCLASS_TW":null,"FCLASS_IN":null,"FCLASS_NP":null,"FCLASS_PK":null,"FCLASS_DE":null,"FCLASS_GB":null,"FCLASS_BR":null,"FCLASS_IL":null,"FCLASS_PS":null,"FCLASS_SA":null,"FCLASS_EG":null,"FCLASS_MA":null,"FCLASS_PT":null,"FCLASS_AR":null,"FCLASS_JP":null,"FCLASS_KO":null,"FCLASS_VN":null,"FCLASS_TR":null,"FCLASS_ID":null,"FCLASS_PL":null,"FCLASS_GR":null,"FCLASS_IT":null,"FCLASS_NL":null,"FCLASS_SE":null,"FCLASS_BD":null,"BRK_A3":"B17","FCLASS_UA":null,"ne_id":1746705419,"FCLASS_OSM":"International boundary (verify)","FCLASS_TLC":null}},{"type":"LineString","arcs":[107],"bbox":[35.61214,4.619447,35.705846,4.619497],"properties":{"FEATURECLA":"Claim boundary","NAME":"Kenyan claim","COMMENT":null,"ADM0_USA":1,"ADM0_LEFT":"South Sudan","ADM0_RIGHT":"South Sudan","ADM0_A3_L":"SDS","ADM0_A3_R":"SDS","SOV_A3_L":"SDS","SOV_A3_R":"SDS","LEFT_LABEL":5,"RIGHT_LABE":0,"BRK_A3_L":"B74","BRK_A3_R":null,"BRK_NAME_L":"Ilemi Triangle S. Sudan admin.","BRK_NAME_R":null,"NOTE":null,"SCALERANK":6,"MIN_ZOOM":5,"FCLASS_ISO":null,"FCLASS_US":null,"FCLASS_FR":null,"FCLASS_RU":null,"FCLASS_ES":null,"FCLASS_CN":"International boundary (verify)","FCLASS_TW":null,"FCLASS_IN":null,"FCLASS_NP":null,"FCLASS_PK":null,"FCLASS_DE":null,"FCLASS_GB":null,"FCLASS_BR":null,"FCLASS_IL":null,"FCLASS_PS":null,"FCLASS_SA":null,"FCLASS_EG":null,"FCLASS_MA":null,"FCLASS_PT":null,"FCLASS_AR":null,"FCLASS_JP":null,"FCLASS_KO":null,"FCLASS_VN":null,"FCLASS_TR":null,"FCLASS_ID":null,"FCLASS_PL":null,"FCLASS_GR":null,"FCLASS_IT":null,"FCLASS_NL":null,"FCLASS_SE":null,"FCLASS_BD":null,"BRK_A3":"B74","FCLASS_UA":null,"ne_id":1746705427,"FCLASS_OSM":"International boundary (verify)","FCLASS_TLC":null}},{"type":"MultiLineString","arcs":[[108],[109],[110],[111],[112],[113],[114],[115],[116],[117],[118],[119],[120]],"bbox":[92.03586,26.852057,97.036175,28.262514],"properties":{"FEATURECLA":"Claim boundary","NAME":"Chinese claim","COMMENT":null,"ADM0_USA":-1,"ADM0_LEFT":"India","ADM0_RIGHT":"India","ADM0_A3_L":"IND","ADM0_A3_R":"IND","SOV_A3_L":"IND","SOV_A3_R":"IND","LEFT_LABEL":0,"RIGHT_LABE":5,"BRK_A3_L":null,"BRK_A3_R":"B00","BRK_NAME_L":null,"BRK_NAME_R":"Arunachal Pradesh","NOTE":"(Admin. by India, Claimed by China)","SCALERANK":6,"MIN_ZOOM":3.7,"FCLASS_ISO":null,"FCLASS_US":"Unrecognized","FCLASS_FR":"Unrecognized","FCLASS_RU":"Unrecognized","FCLASS_ES":"Unrecognized","FCLASS_CN":"International boundary (verify)","FCLASS_TW":"International boundary (verify)","FCLASS_IN":"Unrecognized","FCLASS_NP":"Unrecognized","FCLASS_PK":"Unrecognized","FCLASS_DE":"Unrecognized","FCLASS_GB":"Unrecognized","FCLASS_BR":"Unrecognized","FCLASS_IL":"Unrecognized","FCLASS_PS":"Unrecognized","FCLASS_SA":"Unrecognized","FCLASS_EG":"Unrecognized","FCLASS_MA":"Unrecognized","FCLASS_PT":"Unrecognized","FCLASS_AR":"Unrecognized","FCLASS_JP":"Unrecognized","FCLASS_KO":"Unrecognized","FCLASS_VN":"Unrecognized","FCLASS_TR":"Unrecognized","FCLASS_ID":"Unrecognized","FCLASS_PL":"Unrecognized","FCLASS_GR":"Unrecognized","FCLASS_IT":"Unrecognized","FCLASS_NL":"Unrecognized","FCLASS_SE":"Unrecognized","FCLASS_BD":"Unrecognized","BRK_A3":"B00","FCLASS_UA":"Unrecognized","ne_id":1746705431,"FCLASS_OSM":"Unrecognized","FCLASS_TLC":null}},{"type":"LineString","arcs":[121],"bbox":[77.800346,33.386258,80.327118,35.980027],"properties":{"FEATURECLA":"Claim boundary","NAME":"Indian claim","COMMENT":null,"ADM0_USA":1,"ADM0_LEFT":"China","ADM0_RIGHT":"China","ADM0_A3_L":"CHN","ADM0_A3_R":"CHN","SOV_A3_L":"CH1","SOV_A3_R":"CH1","LEFT_LABEL":5,"RIGHT_LABE":0,"BRK_A3_L":"B07","BRK_A3_R":null,"BRK_NAME_L":"Aksai Chin","BRK_NAME_R":null,"NOTE":"(Admin. by China, Claimed by India)","SCALERANK":6,"MIN_ZOOM":3.7,"FCLASS_ISO":null,"FCLASS_US":null,"FCLASS_FR":null,"FCLASS_RU":"Unrecognized","FCLASS_ES":null,"FCLASS_CN":"Unrecognized","FCLASS_TW":"Unrecognized","FCLASS_IN":"International boundary (verify)","FCLASS_NP":null,"FCLASS_PK":"Unrecognized","FCLASS_DE":null,"FCLASS_GB":null,"FCLASS_BR":null,"FCLASS_IL":null,"FCLASS_PS":null,"FCLASS_SA":null,"FCLASS_EG":null,"FCLASS_MA":null,"FCLASS_PT":null,"FCLASS_AR":null,"FCLASS_JP":null,"FCLASS_KO":null,"FCLASS_VN":null,"FCLASS_TR":"Unrecognized","FCLASS_ID":null,"FCLASS_PL":null,"FCLASS_GR":null,"FCLASS_IT":null,"FCLASS_NL":null,"FCLASS_SE":null,"FCLASS_BD":null,"BRK_A3":"B07","FCLASS_UA":null,"ne_id":1746705439,"FCLASS_OSM":"Unrecognized","FCLASS_TLC":null}},{"type":"LineString","arcs":[122,123,124,125,126],"bbox":[35.587736,32.681546,35.672192,33.248695],"properties":{"FEATURECLA":"Claim boundary","NAME":"Syrian claim","COMMENT":"Golan Heights","ADM0_USA":1,"ADM0_LEFT":"Israel","ADM0_RIGHT":"Israel","ADM0_A3_L":"ISR","ADM0_A3_R":"ISR","SOV_A3_L":"ISR","SOV_A3_R":"ISR","LEFT_LABEL":5,"RIGHT_LABE":0,"BRK_A3_L":"B16","BRK_A3_R":null,"BRK_NAME_L":"Golan Heights","BRK_NAME_R":null,"NOTE":"(Admin. By Israel, Claimed by Syria)","SCALERANK":6,"MIN_ZOOM":6,"FCLASS_ISO":null,"FCLASS_US":"Claim boundary","FCLASS_FR":"International boundary (verify)","FCLASS_RU":"International boundary (verify)","FCLASS_ES":"International boundary (verify)","FCLASS_CN":"International boundary (verify)","FCLASS_TW":"International boundary (verify)","FCLASS_IN":"International boundary (verify)","FCLASS_NP":"International boundary (verify)","FCLASS_PK":"International boundary (verify)","FCLASS_DE":"International boundary (verify)","FCLASS_GB":"International boundary (verify)","FCLASS_BR":"International boundary (verify)","FCLASS_IL":"Unrecognized","FCLASS_PS":"International boundary (verify)","FCLASS_SA":"International boundary (verify)","FCLASS_EG":"International boundary (verify)","FCLASS_MA":"International boundary (verify)","FCLASS_PT":"International boundary (verify)","FCLASS_AR":"International boundary (verify)","FCLASS_JP":"International boundary (verify)","FCLASS_KO":"International boundary (verify)","FCLASS_VN":"International boundary (verify)","FCLASS_TR":"International boundary (verify)","FCLASS_ID":"International boundary (verify)","FCLASS_PL":"International boundary (verify)","FCLASS_GR":"International boundary (verify)","FCLASS_IT":"International boundary (verify)","FCLASS_NL":"International boundary (verify)","FCLASS_SE":"International boundary (verify)","FCLASS_BD":"International boundary (verify)","BRK_A3":"B16","FCLASS_UA":"International boundary (verify)","ne_id":1746705443,"FCLASS_OSM":"Unrecognized","FCLASS_TLC":null}},{"type":"MultiLineString","arcs":[[127],[128],[129],[130],[131],[132],[133],[134],[135],[136],[137],[138],[139]],"bbox":[75.803363,32.470654,78.384291,33.232856],"properties":{"FEATURECLA":"Claim boundary","NAME":"Pakistani claim","COMMENT":null,"ADM0_USA":-1,"ADM0_LEFT":"India","ADM0_RIGHT":"India","ADM0_A3_L":"IND","ADM0_A3_R":"IND","SOV_A3_L":"IND","SOV_A3_R":"IND","LEFT_LABEL":5,"RIGHT_LABE":0,"BRK_A3_L":"B05","BRK_A3_R":null,"BRK_NAME_L":"Jammu and Kashmir","BRK_NAME_R":null,"NOTE":"(Admin. by India, Claimed by Pakistan)","SCALERANK":6,"MIN_ZOOM":3.7,"FCLASS_ISO":null,"FCLASS_US":null,"FCLASS_FR":null,"FCLASS_RU":"Admin-1 boundary","FCLASS_ES":"Unrecognized","FCLASS_CN":"Unrecognized","FCLASS_TW":"Unrecognized","FCLASS_IN":"Unrecognized","FCLASS_NP":null,"FCLASS_PK":"International boundary (verify)","FCLASS_DE":null,"FCLASS_GB":null,"FCLASS_BR":null,"FCLASS_IL":null,"FCLASS_PS":null,"FCLASS_SA":null,"FCLASS_EG":null,"FCLASS_MA":null,"FCLASS_PT":null,"FCLASS_AR":null,"FCLASS_JP":null,"FCLASS_KO":null,"FCLASS_VN":null,"FCLASS_TR":"International boundary (verify)","FCLASS_ID":null,"FCLASS_PL":null,"FCLASS_GR":null,"FCLASS_IT":null,"FCLASS_NL":null,"FCLASS_SE":null,"FCLASS_BD":null,"BRK_A3":"B05","FCLASS_UA":"Unrecognized","ne_id":1746705451,"FCLASS_OSM":"Unrecognized","FCLASS_TLC":null}},{"type":"MultiLineString","arcs":[[140],[141],[142],[143],[144]],"bbox":[75.298403,32.300587,75.847391,32.516749],"properties":{"FEATURECLA":"Claim boundary","NAME":"Pakistani claim","COMMENT":null,"ADM0_USA":-1,"ADM0_LEFT":"India","ADM0_RIGHT":"India","ADM0_A3_L":"IND","ADM0_A3_R":"IND","SOV_A3_L":"IND","SOV_A3_R":"IND","LEFT_LABEL":0,"RIGHT_LABE":5,"BRK_A3_L":null,"BRK_A3_R":"B05","BRK_NAME_L":null,"BRK_NAME_R":"Jammu and Kashmir","NOTE":"(Admin. by India, Claimed by Pakistan)","SCALERANK":6,"MIN_ZOOM":3.7,"FCLASS_ISO":null,"FCLASS_US":null,"FCLASS_FR":null,"FCLASS_RU":"Admin-1 boundary","FCLASS_ES":null,"FCLASS_CN":null,"FCLASS_TW":null,"FCLASS_IN":"Unrecognized","FCLASS_NP":null,"FCLASS_PK":"International boundary (verify)","FCLASS_DE":null,"FCLASS_GB":null,"FCLASS_BR":null,"FCLASS_IL":null,"FCLASS_PS":null,"FCLASS_SA":null,"FCLASS_EG":null,"FCLASS_MA":null,"FCLASS_PT":null,"FCLASS_AR":null,"FCLASS_JP":null,"FCLASS_KO":null,"FCLASS_VN":null,"FCLASS_TR":"International boundary (verify)","FCLASS_ID":null,"FCLASS_PL":null,"FCLASS_GR":null,"FCLASS_IT":null,"FCLASS_NL":null,"FCLASS_SE":null,"FCLASS_BD":null,"BRK_A3":"B05","FCLASS_UA":null,"ne_id":1746705457,"FCLASS_OSM":"Unrecognized","FCLASS_TLC":null}},{"type":"MultiLineString","arcs":[[145],[146]],"bbox":[27.825309,9.58709,28.989476,10.160053],"properties":{"FEATURECLA":"Claim boundary","NAME":"South Sudanese claim","COMMENT":null,"ADM0_USA":1,"ADM0_LEFT":"Sudan","ADM0_RIGHT":"Sudan","ADM0_A3_L":"SDN","ADM0_A3_R":"SDN","SOV_A3_L":"SDN","SOV_A3_R":"SDN","LEFT_LABEL":5,"RIGHT_LABE":0,"BRK_A3_L":"B13","BRK_A3_R":null,"BRK_NAME_L":"Abyei","BRK_NAME_R":null,"NOTE":"(Admin. by Sudan, Claimed by South Sudan)","SCALERANK":6,"MIN_ZOOM":3.7,"FCLASS_ISO":null,"FCLASS_US":null,"FCLASS_FR":null,"FCLASS_RU":null,"FCLASS_ES":null,"FCLASS_CN":null,"FCLASS_TW":null,"FCLASS_IN":null,"FCLASS_NP":null,"FCLASS_PK":null,"FCLASS_DE":null,"FCLASS_GB":null,"FCLASS_BR":null,"FCLASS_IL":null,"FCLASS_PS":null,"FCLASS_SA":null,"FCLASS_EG":null,"FCLASS_MA":null,"FCLASS_PT":null,"FCLASS_AR":null,"FCLASS_JP":null,"FCLASS_KO":null,"FCLASS_VN":null,"FCLASS_TR":null,"FCLASS_ID":null,"FCLASS_PL":null,"FCLASS_GR":null,"FCLASS_IT":null,"FCLASS_NL":null,"FCLASS_SE":null,"FCLASS_BD":null,"BRK_A3":"B13","FCLASS_UA":null,"ne_id":1746705463,"FCLASS_OSM":"International boundary (verify)","FCLASS_TLC":null}},{"type":"MultiLineString","arcs":[[147],[148],[149],[150],[151],[152],[153],[154],[155]],"bbox":[73.400201,34.008316,74.124701,35.099201],"properties":{"FEATURECLA":"Claim boundary","NAME":"Indian claim","COMMENT":null,"ADM0_USA":-1,"ADM0_LEFT":"Pakistan","ADM0_RIGHT":"Pakistan","ADM0_A3_L":"PAK","ADM0_A3_R":"PAK","SOV_A3_L":"PAK","SOV_A3_R":"PAK","LEFT_LABEL":5,"RIGHT_LABE":0,"BRK_A3_L":"B09","BRK_A3_R":null,"BRK_NAME_L":"Azad Kashmir","BRK_NAME_R":null,"NOTE":"(Admin. by Pakistan, Claimed by India)","SCALERANK":6,"MIN_ZOOM":3.7,"FCLASS_ISO":null,"FCLASS_US":null,"FCLASS_FR":null,"FCLASS_RU":"International boundary (verify)","FCLASS_ES":null,"FCLASS_CN":null,"FCLASS_TW":null,"FCLASS_IN":"International boundary (verify)","FCLASS_NP":null,"FCLASS_PK":"Unrecognized","FCLASS_DE":null,"FCLASS_GB":null,"FCLASS_BR":null,"FCLASS_IL":null,"FCLASS_PS":null,"FCLASS_SA":null,"FCLASS_EG":null,"FCLASS_MA":null,"FCLASS_PT":null,"FCLASS_AR":null,"FCLASS_JP":null,"FCLASS_KO":null,"FCLASS_VN":null,"FCLASS_TR":"Unrecognized","FCLASS_ID":null,"FCLASS_PL":null,"FCLASS_GR":null,"FCLASS_IT":null,"FCLASS_NL":null,"FCLASS_SE":null,"FCLASS_BD":null,"BRK_A3":"B09","FCLASS_UA":null,"ne_id":1746705471,"FCLASS_OSM":"Unrecognized","FCLASS_TLC":null}},{"type":"MultiLineString","arcs":[[156],[157],[158],[159],[160],[161],[162],[163],[164]],"bbox":[73.518576,32.823067,74.316989,34.008316],"properties":{"FEATURECLA":"Claim boundary","NAME":"Indian claim","COMMENT":null,"ADM0_USA":-1,"ADM0_LEFT":"Pakistan","ADM0_RIGHT":"Pakistan","ADM0_A3_L":"PAK","ADM0_A3_R":"PAK","SOV_A3_L":"PAK","SOV_A3_R":"PAK","LEFT_LABEL":5,"RIGHT_LABE":0,"BRK_A3_L":"B09","BRK_A3_R":null,"BRK_NAME_L":"Azad Kashmir","BRK_NAME_R":null,"NOTE":"(Admin. by Pakistan, Claimed by India)","SCALERANK":6,"MIN_ZOOM":3.7,"FCLASS_ISO":null,"FCLASS_US":null,"FCLASS_FR":null,"FCLASS_RU":"International boundary (verify)","FCLASS_ES":null,"FCLASS_CN":null,"FCLASS_TW":null,"FCLASS_IN":"International boundary (verify)","FCLASS_NP":null,"FCLASS_PK":"Unrecognized","FCLASS_DE":null,"FCLASS_GB":null,"FCLASS_BR":null,"FCLASS_IL":null,"FCLASS_PS":null,"FCLASS_SA":null,"FCLASS_EG":null,"FCLASS_MA":null,"FCLASS_PT":null,"FCLASS_AR":null,"FCLASS_JP":null,"FCLASS_KO":null,"FCLASS_VN":null,"FCLASS_TR":"Unrecognized","FCLASS_ID":null,"FCLASS_PL":null,"FCLASS_GR":null,"FCLASS_IT":null,"FCLASS_NL":null,"FCLASS_SE":null,"FCLASS_BD":null,"BRK_A3":"B09","FCLASS_UA":null,"ne_id":1746705479,"FCLASS_OSM":"Unrecognized","FCLASS_TLC":null}},{"type":"LineString","arcs":[165],"bbox":[46.726842,40.305086,46.905385,40.412728],"properties":{"FEATURECLA":"Breakaway","NAME":"Ceasefire Line 2020","COMMENT":"Nagorno-Karabakh","ADM0_USA":-1,"ADM0_LEFT":null,"ADM0_RIGHT":null,"ADM0_A3_L":"AZE","ADM0_A3_R":"AZE","SOV_A3_L":"AZE","SOV_A3_R":"AZE","LEFT_LABEL":0,"RIGHT_LABE":5,"BRK_A3_L":null,"BRK_A3_R":"B38","BRK_NAME_L":null,"BRK_NAME_R":"Nagorno-Karabakh","NOTE":"(Self admin., Claimed by Azer.)","SCALERANK":6,"MIN_ZOOM":5,"FCLASS_ISO":"Unrecognized","FCLASS_US":null,"FCLASS_FR":null,"FCLASS_RU":null,"FCLASS_ES":null,"FCLASS_CN":"Unrecognized","FCLASS_TW":"Unrecognized","FCLASS_IN":"Unrecognized","FCLASS_NP":"Unrecognized","FCLASS_PK":"Unrecognized","FCLASS_DE":null,"FCLASS_GB":null,"FCLASS_BR":"Unrecognized","FCLASS_IL":"Unrecognized","FCLASS_PS":"Unrecognized","FCLASS_SA":"Unrecognized","FCLASS_EG":"Unrecognized","FCLASS_MA":"Unrecognized","FCLASS_PT":"Unrecognized","FCLASS_AR":"Unrecognized","FCLASS_JP":"Unrecognized","FCLASS_KO":"Unrecognized","FCLASS_VN":"Unrecognized","FCLASS_TR":"Unrecognized","FCLASS_ID":"Unrecognized","FCLASS_PL":"Unrecognized","FCLASS_GR":"Unrecognized","FCLASS_IT":"Unrecognized","FCLASS_NL":null,"FCLASS_SE":null,"FCLASS_BD":"Unrecognized","BRK_A3":"B38","FCLASS_UA":"Unrecognized","ne_id":1746705489,"FCLASS_OSM":"Unrecognized","FCLASS_TLC":null}},{"type":"MultiLineString","arcs":[[166],[167],[168],[169],[170],[171]],"bbox":[-89.19314,16.392626,-88.26023,17.43764],"properties":{"FEATURECLA":"Claim boundary","NAME":"Guatemalan claim","COMMENT":null,"ADM0_USA":-1,"ADM0_LEFT":"Belize","ADM0_RIGHT":"Belize","ADM0_A3_L":"BLZ","ADM0_A3_R":"BLZ","SOV_A3_L":"BLZ","SOV_A3_R":"BLZ","LEFT_LABEL":2,"RIGHT_LABE":0,"BRK_A3_L":"B51","BRK_A3_R":null,"BRK_NAME_L":null,"BRK_NAME_R":null,"NOTE":"(Admin. by Belize, Claimed by Guat.)","SCALERANK":6,"MIN_ZOOM":7,"FCLASS_ISO":"Unrecognized","FCLASS_US":"Unrecognized","FCLASS_FR":"Unrecognized","FCLASS_RU":"Unrecognized","FCLASS_ES":"Unrecognized","FCLASS_CN":"Unrecognized","FCLASS_TW":"Unrecognized","FCLASS_IN":"Unrecognized","FCLASS_NP":"Unrecognized","FCLASS_PK":"Unrecognized","FCLASS_DE":"Unrecognized","FCLASS_GB":"Unrecognized","FCLASS_BR":"Unrecognized","FCLASS_IL":"Unrecognized","FCLASS_PS":"Unrecognized","FCLASS_SA":"Unrecognized","FCLASS_EG":"Unrecognized","FCLASS_MA":"Unrecognized","FCLASS_PT":"Unrecognized","FCLASS_AR":"Unrecognized","FCLASS_JP":"Unrecognized","FCLASS_KO":"Unrecognized","FCLASS_VN":"Unrecognized","FCLASS_TR":"Unrecognized","FCLASS_ID":"Unrecognized","FCLASS_PL":"Unrecognized","FCLASS_GR":"Unrecognized","FCLASS_IT":"Unrecognized","FCLASS_NL":"Unrecognized","FCLASS_SE":"Unrecognized","FCLASS_BD":"Unrecognized","BRK_A3":"B51","FCLASS_UA":"Unrecognized","ne_id":1746705499,"FCLASS_OSM":"Unrecognized","FCLASS_TLC":"Unrecognized"}},{"type":"MultiLineString","arcs":[[172],[173],[174],[175],[176],[177],[178],[179],[180],[181],[182],[183],[184],[185],[186],[187],[188],[189],[190],[191],[192],[193],[194],[195],[196]],"bbox":[-58.88506,1.187267,-58.149281,6.416564],"properties":{"FEATURECLA":"Claim boundary","NAME":"Venezuelan claim","COMMENT":"West of River Essequibo","ADM0_USA":-1,"ADM0_LEFT":"Guyana","ADM0_RIGHT":"Guyana","ADM0_A3_L":"GUY","ADM0_A3_R":"GUY","SOV_A3_L":"GUY","SOV_A3_R":"GUY","LEFT_LABEL":2,"RIGHT_LABE":0,"BRK_A3_L":"B56","BRK_A3_R":null,"BRK_NAME_L":null,"BRK_NAME_R":null,"NOTE":"(Admin. by Guyana, claimed by Venezuela)","SCALERANK":7,"MIN_ZOOM":7,"FCLASS_ISO":"Unrecognized","FCLASS_US":"Unrecognized","FCLASS_FR":"Unrecognized","FCLASS_RU":"Unrecognized","FCLASS_ES":"Unrecognized","FCLASS_CN":"Unrecognized","FCLASS_TW":"Unrecognized","FCLASS_IN":"Unrecognized","FCLASS_NP":"Unrecognized","FCLASS_PK":"Unrecognized","FCLASS_DE":"Unrecognized","FCLASS_GB":"Unrecognized","FCLASS_BR":"Unrecognized","FCLASS_IL":"Unrecognized","FCLASS_PS":"Unrecognized","FCLASS_SA":"Unrecognized","FCLASS_EG":"Unrecognized","FCLASS_MA":"Unrecognized","FCLASS_PT":"Unrecognized","FCLASS_AR":"Unrecognized","FCLASS_JP":"Unrecognized","FCLASS_KO":"Unrecognized","FCLASS_VN":"Unrecognized","FCLASS_TR":"Unrecognized","FCLASS_ID":"Unrecognized","FCLASS_PL":"Unrecognized","FCLASS_GR":"Unrecognized","FCLASS_IT":"Unrecognized","FCLASS_NL":"Unrecognized","FCLASS_SE":"Unrecognized","FCLASS_BD":"Unrecognized","BRK_A3":"B56","FCLASS_UA":"Unrecognized","ne_id":1746705509,"FCLASS_OSM":"Unrecognized","FCLASS_TLC":"Unrecognized"}},{"type":"LineString","arcs":[197],"bbox":[-7.27043,38.511007,-6.970301,38.827192],"properties":{"FEATURECLA":"Claim boundary","NAME":"Portuguese claim","COMMENT":"Olivenza","ADM0_USA":-1,"ADM0_LEFT":"Spain","ADM0_RIGHT":"Spain","ADM0_A3_L":"ESP","ADM0_A3_R":"ESP","SOV_A3_L":"ESP","SOV_A3_R":"ESP","LEFT_LABEL":0,"RIGHT_LABE":2,"BRK_A3_L":null,"BRK_A3_R":"B67","BRK_NAME_L":null,"BRK_NAME_R":"Olivenza","NOTE":"(Admin. by Spain, Claimed by Portugal)","SCALERANK":8,"MIN_ZOOM":7,"FCLASS_ISO":null,"FCLASS_US":null,"FCLASS_FR":null,"FCLASS_RU":null,"FCLASS_ES":null,"FCLASS_CN":null,"FCLASS_TW":null,"FCLASS_IN":null,"FCLASS_NP":null,"FCLASS_PK":null,"FCLASS_DE":null,"FCLASS_GB":null,"FCLASS_BR":null,"FCLASS_IL":null,"FCLASS_PS":null,"FCLASS_SA":null,"FCLASS_EG":null,"FCLASS_MA":null,"FCLASS_PT":"International boundary (verify)","FCLASS_AR":null,"FCLASS_JP":null,"FCLASS_KO":null,"FCLASS_VN":null,"FCLASS_TR":null,"FCLASS_ID":null,"FCLASS_PL":null,"FCLASS_GR":null,"FCLASS_IT":null,"FCLASS_NL":null,"FCLASS_SE":null,"FCLASS_BD":null,"BRK_A3":"B67","FCLASS_UA":null,"ne_id":1746705517,"FCLASS_OSM":"Unrecognized","FCLASS_TLC":null}},{"type":"MultiLineString","arcs":[[198],[199],[200],[201],[202],[203],[204],[205],[206],[207],[208],[209],[210],[211],[212],[213],[214],[215],[216],[217],[218],[219],[220],[221],[222],[223],[224],[225]],"bbox":[-13.178254,27.661464,-8.817035,27.662514],"properties":{"FEATURECLA":"Elusive frontier","NAME":"Western Saharan claim","COMMENT":"Western Sahara","ADM0_USA":1,"ADM0_LEFT":"Morocco","ADM0_RIGHT":"Morocco","ADM0_A3_L":"MAR","ADM0_A3_R":"MAR","SOV_A3_L":"MAR","SOV_A3_R":"MAR","LEFT_LABEL":5,"RIGHT_LABE":0,"BRK_A3_L":"B19","BRK_A3_R":null,"BRK_NAME_L":"W. Sahara","BRK_NAME_R":null,"NOTE":"(Admin. by Morocco, Claimed by Western Sahara)","SCALERANK":6,"MIN_ZOOM":3.7,"FCLASS_ISO":"Disputed (please verify)","FCLASS_US":"Disputed (please verify)","FCLASS_FR":"Unrecognized","FCLASS_RU":"Disputed (please verify)","FCLASS_ES":"Disputed (please verify)","FCLASS_CN":"Disputed (please verify)","FCLASS_TW":"Disputed (please verify)","FCLASS_IN":"Unrecognized","FCLASS_NP":"Disputed (please verify)","FCLASS_PK":"Disputed (please verify)","FCLASS_DE":"Disputed (please verify)","FCLASS_GB":"Disputed (please verify)","FCLASS_BR":"Disputed (please verify)","FCLASS_IL":"Disputed (please verify)","FCLASS_PS":"Unrecognized","FCLASS_SA":"Unrecognized","FCLASS_EG":"Disputed (please verify)","FCLASS_MA":"Unrecognized","FCLASS_PT":"Disputed (please verify)","FCLASS_AR":"Disputed (please verify)","FCLASS_JP":"Disputed (please verify)","FCLASS_KO":"Disputed (please verify)","FCLASS_VN":"Disputed (please verify)","FCLASS_TR":"Unrecognized","FCLASS_ID":"Unrecognized","FCLASS_PL":"Unrecognized","FCLASS_GR":"Disputed (please verify)","FCLASS_IT":"Disputed (please verify)","FCLASS_NL":"Unrecognized","FCLASS_SE":"Disputed (please verify)","FCLASS_BD":"Disputed (please verify)","BRK_A3":"B19","FCLASS_UA":"Disputed (please verify)","ne_id":1746705527,"FCLASS_OSM":"Unrecognized","FCLASS_TLC":"Disputed (please verify)"}},{"type":"MultiLineString","arcs":[[226],[227],[228],[229],[230],[231],[232],[233],[234],[235],[236],[237],[238],[239],[240],[241],[242],[243]],"bbox":[89.796048,28.061229,90.475232,28.24019],"properties":{"FEATURECLA":"Claim boundary","NAME":"Chinese claim","COMMENT":null,"ADM0_USA":1,"ADM0_LEFT":"Bhutan","ADM0_RIGHT":"Bhutan","ADM0_A3_L":"BTN","ADM0_A3_R":"BTN","SOV_A3_L":"BTN","SOV_A3_R":"BTN","LEFT_LABEL":2,"RIGHT_LABE":0,"BRK_A3_L":"B75","BRK_A3_R":null,"BRK_NAME_L":"Bhutan claimed by China","BRK_NAME_R":null,"NOTE":"(Admin. by Bhutan, Claimed by China)","SCALERANK":6,"MIN_ZOOM":5,"FCLASS_ISO":null,"FCLASS_US":"Unrecognized","FCLASS_FR":"Unrecognized","FCLASS_RU":"Unrecognized","FCLASS_ES":"Unrecognized","FCLASS_CN":"International boundary (verify)","FCLASS_TW":"Unrecognized","FCLASS_IN":"Unrecognized","FCLASS_NP":"Unrecognized","FCLASS_PK":"Unrecognized","FCLASS_DE":"Unrecognized","FCLASS_GB":"Unrecognized","FCLASS_BR":"Unrecognized","FCLASS_IL":"Unrecognized","FCLASS_PS":"Unrecognized","FCLASS_SA":"Unrecognized","FCLASS_EG":"Unrecognized","FCLASS_MA":"Unrecognized","FCLASS_PT":"Unrecognized","FCLASS_AR":"Unrecognized","FCLASS_JP":"Unrecognized","FCLASS_KO":"Unrecognized","FCLASS_VN":"Unrecognized","FCLASS_TR":"Unrecognized","FCLASS_ID":"Unrecognized","FCLASS_PL":"Unrecognized","FCLASS_GR":"Unrecognized","FCLASS_IT":"Unrecognized","FCLASS_NL":"Unrecognized","FCLASS_SE":"Unrecognized","FCLASS_BD":"Unrecognized","BRK_A3":"B75","FCLASS_UA":"Unrecognized","ne_id":1746705535,"FCLASS_OSM":"International boundary (verify)","FCLASS_TLC":null}},{"type":"LineString","arcs":[244],"bbox":[79.095048,32.507914,79.240155,33.290203],"properties":{"FEATURECLA":"Claim boundary","NAME":"Chinese claim","COMMENT":null,"ADM0_USA":1,"ADM0_LEFT":"India","ADM0_RIGHT":"India","ADM0_A3_L":"IND","ADM0_A3_R":"IND","SOV_A3_L":"IND","SOV_A3_R":"IND","LEFT_LABEL":5,"RIGHT_LABE":5,"BRK_A3_L":"B03","BRK_A3_R":"B05","BRK_NAME_L":"Demchok","BRK_NAME_R":"Jammu and Kashmir","NOTE":"(Admin. by India, Claimed by China)","SCALERANK":6,"MIN_ZOOM":5,"FCLASS_ISO":null,"FCLASS_US":null,"FCLASS_FR":null,"FCLASS_RU":"International boundary (verify)","FCLASS_ES":null,"FCLASS_CN":"International boundary (verify)","FCLASS_TW":"International boundary (verify)","FCLASS_IN":"Unrecognized","FCLASS_NP":null,"FCLASS_PK":"Unrecognized","FCLASS_DE":null,"FCLASS_GB":null,"FCLASS_BR":null,"FCLASS_IL":null,"FCLASS_PS":null,"FCLASS_SA":null,"FCLASS_EG":null,"FCLASS_MA":null,"FCLASS_PT":null,"FCLASS_AR":null,"FCLASS_JP":null,"FCLASS_KO":null,"FCLASS_VN":null,"FCLASS_TR":"Unrecognized","FCLASS_ID":null,"FCLASS_PL":null,"FCLASS_GR":null,"FCLASS_IT":null,"FCLASS_NL":null,"FCLASS_SE":null,"FCLASS_BD":null,"BRK_A3":"B03","FCLASS_UA":null,"ne_id":1746705543,"FCLASS_OSM":"Unrecognized","FCLASS_TLC":null}},{"type":"MultiLineString","arcs":[[245],[246],[247],[248],[249]],"bbox":[74.124701,34.638611,75.255295,35.123654],"properties":{"FEATURECLA":"Claim boundary","NAME":"Indian claim","COMMENT":null,"ADM0_USA":-1,"ADM0_LEFT":"Pakistan","ADM0_RIGHT":"Pakistan","ADM0_A3_L":"PAK","ADM0_A3_R":"PAK","SOV_A3_L":"PAK","SOV_A3_R":"PAK","LEFT_LABEL":5,"RIGHT_LABE":5,"BRK_A3_L":"B08","BRK_A3_R":"B09","BRK_NAME_L":"Northern Areas","BRK_NAME_R":"Azad Kashmir","NOTE":"(Admin. by Pakistan, Claimed by India)","SCALERANK":6,"MIN_ZOOM":3.7,"FCLASS_ISO":null,"FCLASS_US":null,"FCLASS_FR":null,"FCLASS_RU":"Unrecognized","FCLASS_ES":null,"FCLASS_CN":"Unrecognized","FCLASS_TW":null,"FCLASS_IN":"Admin-1 boundary","FCLASS_NP":null,"FCLASS_PK":"Admin-1 boundary","FCLASS_DE":null,"FCLASS_GB":null,"FCLASS_BR":null,"FCLASS_IL":null,"FCLASS_PS":null,"FCLASS_SA":null,"FCLASS_EG":null,"FCLASS_MA":null,"FCLASS_PT":null,"FCLASS_AR":null,"FCLASS_JP":null,"FCLASS_KO":null,"FCLASS_VN":null,"FCLASS_TR":"Unrecognized","FCLASS_ID":null,"FCLASS_PL":null,"FCLASS_GR":null,"FCLASS_IT":null,"FCLASS_NL":null,"FCLASS_SE":null,"FCLASS_BD":null,"BRK_A3":"B08","FCLASS_UA":null,"ne_id":1746705559,"FCLASS_OSM":"Unrecognized","FCLASS_TLC":null}},{"type":"LineString","arcs":[250,251],"bbox":[46.677543,39.821291,47.181701,40.252841],"properties":{"FEATURECLA":"Reference line","NAME":"Former USSR oblast in 1991","COMMENT":"Nagorno-Karabakh Autonomous Oblast, circa 1991","ADM0_USA":-1,"ADM0_LEFT":null,"ADM0_RIGHT":null,"ADM0_A3_L":"AZE","ADM0_A3_R":"AZE","SOV_A3_L":"AZE","SOV_A3_R":"AZE","LEFT_LABEL":5,"RIGHT_LABE":5,"BRK_A3_L":"B38","BRK_A3_R":"B38","BRK_NAME_L":"Nagorno-Karabakh","BRK_NAME_R":"Nagorno-Karabakh","NOTE":"(Self admin., Claimed by Azer.)","SCALERANK":6,"MIN_ZOOM":5,"FCLASS_ISO":"Unrecognized","FCLASS_US":"Unrecognized","FCLASS_FR":"Unrecognized","FCLASS_RU":"Unrecognized","FCLASS_ES":"Unrecognized","FCLASS_CN":"Unrecognized","FCLASS_TW":"Unrecognized","FCLASS_IN":"Unrecognized","FCLASS_NP":"Unrecognized","FCLASS_PK":"Unrecognized","FCLASS_DE":"Unrecognized","FCLASS_GB":"Unrecognized","FCLASS_BR":"Unrecognized","FCLASS_IL":"Unrecognized","FCLASS_PS":"Unrecognized","FCLASS_SA":"Unrecognized","FCLASS_EG":"Unrecognized","FCLASS_MA":"Unrecognized","FCLASS_PT":"Unrecognized","FCLASS_AR":"Unrecognized","FCLASS_JP":"Unrecognized","FCLASS_KO":"Unrecognized","FCLASS_VN":"Unrecognized","FCLASS_TR":"Unrecognized","FCLASS_ID":"Unrecognized","FCLASS_PL":"Unrecognized","FCLASS_GR":"Unrecognized","FCLASS_IT":"Unrecognized","FCLASS_NL":"Unrecognized","FCLASS_SE":"Unrecognized","FCLASS_BD":"Unrecognized","BRK_A3":"B38","FCLASS_UA":"Unrecognized","ne_id":1746705567,"FCLASS_OSM":"Unrecognized","FCLASS_TLC":null}},{"type":"LineString","arcs":[252],"bbox":[46.291365,39.999213,46.418438,40.243488],"properties":{"FEATURECLA":"Reference line","NAME":"Former USSR oblast in 1991","COMMENT":"Nagorno-Karabakh Autonomous Oblast, circa 1991","ADM0_USA":-1,"ADM0_LEFT":null,"ADM0_RIGHT":null,"ADM0_A3_L":"AZE","ADM0_A3_R":"AZE","SOV_A3_L":"AZE","SOV_A3_R":"AZE","LEFT_LABEL":5,"RIGHT_LABE":5,"BRK_A3_L":"B38","BRK_A3_R":"B38","BRK_NAME_L":"Nagorno-Karabakh","BRK_NAME_R":"Nagorno-Karabakh","NOTE":"(Self admin., Claimed by Azer.)","SCALERANK":6,"MIN_ZOOM":5,"FCLASS_ISO":"Unrecognized","FCLASS_US":"Unrecognized","FCLASS_FR":"Unrecognized","FCLASS_RU":"Unrecognized","FCLASS_ES":"Unrecognized","FCLASS_CN":"Unrecognized","FCLASS_TW":"Unrecognized","FCLASS_IN":"Unrecognized","FCLASS_NP":"Unrecognized","FCLASS_PK":"Unrecognized","FCLASS_DE":"Unrecognized","FCLASS_GB":"Unrecognized","FCLASS_BR":"Unrecognized","FCLASS_IL":"Unrecognized","FCLASS_PS":"Unrecognized","FCLASS_SA":"Unrecognized","FCLASS_EG":"Unrecognized","FCLASS_MA":"Unrecognized","FCLASS_PT":"Unrecognized","FCLASS_AR":"Unrecognized","FCLASS_JP":"Unrecognized","FCLASS_KO":"Unrecognized","FCLASS_VN":"Unrecognized","FCLASS_TR":"Unrecognized","FCLASS_ID":"Unrecognized","FCLASS_PL":"Unrecognized","FCLASS_GR":"Unrecognized","FCLASS_IT":"Unrecognized","FCLASS_NL":"Unrecognized","FCLASS_SE":"Unrecognized","FCLASS_BD":"Unrecognized","BRK_A3":"B38","FCLASS_UA":"Unrecognized","ne_id":1746705575,"FCLASS_OSM":"Unrecognized","FCLASS_TLC":null}},{"type":"LineString","arcs":[253,254,255],"bbox":[46.31529,40.244281,46.726842,40.412728],"properties":{"FEATURECLA":"Reference line","NAME":"Former USSR oblast in 1991","COMMENT":"Nagorno-Karabakh Autonomous Oblast, circa 1991","ADM0_USA":-1,"ADM0_LEFT":null,"ADM0_RIGHT":null,"ADM0_A3_L":"AZE","ADM0_A3_R":"AZE","SOV_A3_L":"AZE","SOV_A3_R":"AZE","LEFT_LABEL":0,"RIGHT_LABE":5,"BRK_A3_L":null,"BRK_A3_R":"B38","BRK_NAME_L":null,"BRK_NAME_R":"Nagorno-Karabakh","NOTE":"(Self admin., Claimed by Azer.)","SCALERANK":6,"MIN_ZOOM":5,"FCLASS_ISO":"Unrecognized","FCLASS_US":"Unrecognized","FCLASS_FR":"Unrecognized","FCLASS_RU":"Unrecognized","FCLASS_ES":"Unrecognized","FCLASS_CN":"Unrecognized","FCLASS_TW":"Unrecognized","FCLASS_IN":"Unrecognized","FCLASS_NP":"Unrecognized","FCLASS_PK":"Unrecognized","FCLASS_DE":"Unrecognized","FCLASS_GB":"Unrecognized","FCLASS_BR":"Unrecognized","FCLASS_IL":"Unrecognized","FCLASS_PS":"Unrecognized","FCLASS_SA":"Unrecognized","FCLASS_EG":"Unrecognized","FCLASS_MA":"Unrecognized","FCLASS_PT":"Unrecognized","FCLASS_AR":"Unrecognized","FCLASS_JP":"Unrecognized","FCLASS_KO":"Unrecognized","FCLASS_VN":"Unrecognized","FCLASS_TR":"Unrecognized","FCLASS_ID":"Unrecognized","FCLASS_PL":"Unrecognized","FCLASS_GR":"Unrecognized","FCLASS_IT":"Unrecognized","FCLASS_NL":"Unrecognized","FCLASS_SE":"Unrecognized","FCLASS_BD":"Unrecognized","BRK_A3":"B38","FCLASS_UA":"Unrecognized","ne_id":1746705583,"FCLASS_OSM":"Unrecognized","FCLASS_TLC":null}},{"type":"LineString","arcs":[256],"bbox":[46.905385,40.246537,47.017781,40.305086],"properties":{"FEATURECLA":"Breakaway","NAME":"Ceasefire Line 2020","COMMENT":"Nagorno-Karabakh","ADM0_USA":-1,"ADM0_LEFT":null,"ADM0_RIGHT":null,"ADM0_A3_L":"AZE","ADM0_A3_R":"AZE","SOV_A3_L":"AZE","SOV_A3_R":"AZE","LEFT_LABEL":0,"RIGHT_LABE":5,"BRK_A3_L":null,"BRK_A3_R":"B38","BRK_NAME_L":null,"BRK_NAME_R":"Nagorno-Karabakh","NOTE":"(Self admin., Claimed by Azer.)","SCALERANK":6,"MIN_ZOOM":5,"FCLASS_ISO":"Unrecognized","FCLASS_US":null,"FCLASS_FR":null,"FCLASS_RU":null,"FCLASS_ES":null,"FCLASS_CN":"Unrecognized","FCLASS_TW":"Unrecognized","FCLASS_IN":"Unrecognized","FCLASS_NP":"Unrecognized","FCLASS_PK":"Unrecognized","FCLASS_DE":null,"FCLASS_GB":null,"FCLASS_BR":"Unrecognized","FCLASS_IL":"Unrecognized","FCLASS_PS":"Unrecognized","FCLASS_SA":"Unrecognized","FCLASS_EG":"Unrecognized","FCLASS_MA":"Unrecognized","FCLASS_PT":"Unrecognized","FCLASS_AR":"Unrecognized","FCLASS_JP":"Unrecognized","FCLASS_KO":"Unrecognized","FCLASS_VN":"Unrecognized","FCLASS_TR":"Unrecognized","FCLASS_ID":"Unrecognized","FCLASS_PL":"Unrecognized","FCLASS_GR":"Unrecognized","FCLASS_IT":"Unrecognized","FCLASS_NL":null,"FCLASS_SE":null,"FCLASS_BD":"Unrecognized","BRK_A3":"B38","FCLASS_UA":"Unrecognized","ne_id":1746705589,"FCLASS_OSM":"Unrecognized","FCLASS_TLC":null}},{"type":"LineString","arcs":[256],"bbox":[46.905385,40.246537,47.017781,40.305086],"properties":{"FEATURECLA":"Reference line","NAME":"Former USSR oblast in 1991","COMMENT":"Nagorno-Karabakh Autonomous Oblast, circa 1991","ADM0_USA":-1,"ADM0_LEFT":null,"ADM0_RIGHT":null,"ADM0_A3_L":"AZE","ADM0_A3_R":"AZE","SOV_A3_L":"AZE","SOV_A3_R":"AZE","LEFT_LABEL":0,"RIGHT_LABE":5,"BRK_A3_L":null,"BRK_A3_R":"B38","BRK_NAME_L":null,"BRK_NAME_R":"Nagorno-Karabakh","NOTE":"(Self admin., Claimed by Azer.)","SCALERANK":6,"MIN_ZOOM":5,"FCLASS_ISO":"Unrecognized","FCLASS_US":"Unrecognized","FCLASS_FR":"Unrecognized","FCLASS_RU":"Unrecognized","FCLASS_ES":"Unrecognized","FCLASS_CN":"Unrecognized","FCLASS_TW":"Unrecognized","FCLASS_IN":"Unrecognized","FCLASS_NP":"Unrecognized","FCLASS_PK":"Unrecognized","FCLASS_DE":"Unrecognized","FCLASS_GB":"Unrecognized","FCLASS_BR":"Unrecognized","FCLASS_IL":"Unrecognized","FCLASS_PS":"Unrecognized","FCLASS_SA":"Unrecognized","FCLASS_EG":"Unrecognized","FCLASS_MA":"Unrecognized","FCLASS_PT":"Unrecognized","FCLASS_AR":"Unrecognized","FCLASS_JP":"Unrecognized","FCLASS_KO":"Unrecognized","FCLASS_VN":"Unrecognized","FCLASS_TR":"Unrecognized","FCLASS_ID":"Unrecognized","FCLASS_PL":"Unrecognized","FCLASS_GR":"Unrecognized","FCLASS_IT":"Unrecognized","FCLASS_NL":"Unrecognized","FCLASS_SE":"Unrecognized","FCLASS_BD":"Unrecognized","BRK_A3":"B38","FCLASS_UA":"Unrecognized","ne_id":1746705599,"FCLASS_OSM":"Unrecognized","FCLASS_TLC":null}},{"type":"LineString","arcs":[257],"bbox":[80.883879,30.210405,80.976018,30.255209],"properties":{"FEATURECLA":"Claim boundary","NAME":"Chinese claim","COMMENT":null,"ADM0_USA":1,"ADM0_LEFT":"India","ADM0_RIGHT":"India","ADM0_A3_L":"IND","ADM0_A3_R":"IND","SOV_A3_L":"IND","SOV_A3_R":"IND","LEFT_LABEL":5,"RIGHT_LABE":0,"BRK_A3_L":"B88","BRK_A3_R":null,"BRK_NAME_L":"Near Om Parvat","BRK_NAME_R":null,"NOTE":"(Admin. by India, Claimed by China)","SCALERANK":7,"MIN_ZOOM":5,"FCLASS_ISO":null,"FCLASS_US":null,"FCLASS_FR":null,"FCLASS_RU":null,"FCLASS_ES":null,"FCLASS_CN":null,"FCLASS_TW":null,"FCLASS_IN":"Unrecognized","FCLASS_NP":"International boundary (verify)","FCLASS_PK":"Unrecognized","FCLASS_DE":null,"FCLASS_GB":null,"FCLASS_BR":null,"FCLASS_IL":null,"FCLASS_PS":null,"FCLASS_SA":null,"FCLASS_EG":null,"FCLASS_MA":null,"FCLASS_PT":null,"FCLASS_AR":null,"FCLASS_JP":null,"FCLASS_KO":null,"FCLASS_VN":null,"FCLASS_TR":null,"FCLASS_ID":null,"FCLASS_PL":null,"FCLASS_GR":null,"FCLASS_IT":null,"FCLASS_NL":null,"FCLASS_SE":null,"FCLASS_BD":null,"BRK_A3":"B88","FCLASS_UA":null,"ne_id":1746705607,"FCLASS_OSM":"Unrecognized","FCLASS_TLC":null}},{"type":"LineString","arcs":[258,259],"bbox":[37.49331,47.075263,38.304928,48.454663],"properties":{"FEATURECLA":"Breakaway","NAME":"Donetsk claim","COMMENT":null,"ADM0_USA":-1,"ADM0_LEFT":"Ukraine","ADM0_RIGHT":"Ukraine","ADM0_A3_L":"UKR","ADM0_A3_R":"UKR","SOV_A3_L":"UKR","SOV_A3_R":"UKR","LEFT_LABEL":5,"RIGHT_LABE":0,"BRK_A3_L":"C02","BRK_A3_R":null,"BRK_NAME_L":"Ukraine","BRK_NAME_R":"Donetsk","NOTE":"(Self admin., Claimed by Ukraine)","SCALERANK":6,"MIN_ZOOM":4,"FCLASS_ISO":"Unrecognized","FCLASS_US":null,"FCLASS_FR":"Unrecognized","FCLASS_RU":"International boundary (verify)","FCLASS_ES":"Unrecognized","FCLASS_CN":"Unrecognized","FCLASS_TW":"Unrecognized","FCLASS_IN":"Unrecognized","FCLASS_NP":"Unrecognized","FCLASS_PK":"Unrecognized","FCLASS_DE":"Unrecognized","FCLASS_GB":"Unrecognized","FCLASS_BR":"Unrecognized","FCLASS_IL":"Unrecognized","FCLASS_PS":"Unrecognized","FCLASS_SA":"Unrecognized","FCLASS_EG":"Unrecognized","FCLASS_MA":"Unrecognized","FCLASS_PT":"Unrecognized","FCLASS_AR":"Unrecognized","FCLASS_JP":"Unrecognized","FCLASS_KO":"Unrecognized","FCLASS_VN":"Unrecognized","FCLASS_TR":"Unrecognized","FCLASS_ID":"Unrecognized","FCLASS_PL":"Unrecognized","FCLASS_GR":"Unrecognized","FCLASS_IT":"Unrecognized","FCLASS_NL":"Unrecognized","FCLASS_SE":"Unrecognized","FCLASS_BD":"Unrecognized","BRK_A3":"C02","FCLASS_UA":"Unrecognized","ne_id":1763286563,"FCLASS_OSM":"Unrecognized","FCLASS_TLC":null}},{"type":"LineString","arcs":[260,261],"bbox":[46.624439,39.384264,47.231925,39.754201],"properties":{"FEATURECLA":"Reference line","NAME":"Former USSR oblast in 1991","COMMENT":"Nagorno-Karabakh Autonomous Oblast, circa 1991","ADM0_USA":-1,"ADM0_LEFT":null,"ADM0_RIGHT":null,"ADM0_A3_L":"AZE","ADM0_A3_R":"AZE","SOV_A3_L":"AZE","SOV_A3_R":"AZE","LEFT_LABEL":5,"RIGHT_LABE":5,"BRK_A3_L":"B38","BRK_A3_R":"B38","BRK_NAME_L":"Nagorno-Karabakh","BRK_NAME_R":"Nagorno-Karabakh","NOTE":"(Self admin., Claimed by Azer.)","SCALERANK":6,"MIN_ZOOM":5,"FCLASS_ISO":"Unrecognized","FCLASS_US":"Unrecognized","FCLASS_FR":"Unrecognized","FCLASS_RU":"Unrecognized","FCLASS_ES":"Unrecognized","FCLASS_CN":"Unrecognized","FCLASS_TW":"Unrecognized","FCLASS_IN":"Unrecognized","FCLASS_NP":"Unrecognized","FCLASS_PK":"Unrecognized","FCLASS_DE":"Unrecognized","FCLASS_GB":"Unrecognized","FCLASS_BR":"Unrecognized","FCLASS_IL":"Unrecognized","FCLASS_PS":"Unrecognized","FCLASS_SA":"Unrecognized","FCLASS_EG":"Unrecognized","FCLASS_MA":"Unrecognized","FCLASS_PT":"Unrecognized","FCLASS_AR":"Unrecognized","FCLASS_JP":"Unrecognized","FCLASS_KO":"Unrecognized","FCLASS_VN":"Unrecognized","FCLASS_TR":"Unrecognized","FCLASS_ID":"Unrecognized","FCLASS_PL":"Unrecognized","FCLASS_GR":"Unrecognized","FCLASS_IT":"Unrecognized","FCLASS_NL":"Unrecognized","FCLASS_SE":"Unrecognized","FCLASS_BD":"Unrecognized","BRK_A3":"B38","FCLASS_UA":"Unrecognized","ne_id":1746705625,"FCLASS_OSM":"Unrecognized","FCLASS_TLC":null}},{"type":"LineString","arcs":[262],"bbox":[35.705846,4.619435,35.781222,4.619922],"properties":{"FEATURECLA":"Claim boundary","NAME":"South Sudanese claim","COMMENT":null,"ADM0_USA":1,"ADM0_LEFT":"Kenya","ADM0_RIGHT":"Kenya","ADM0_A3_L":"KEN","ADM0_A3_R":"KEN","SOV_A3_L":"KEN","SOV_A3_R":"KEN","LEFT_LABEL":0,"RIGHT_LABE":5,"BRK_A3_L":null,"BRK_A3_R":"B17","BRK_NAME_L":null,"BRK_NAME_R":"Ilemi Triangle","NOTE":"(Admin. by Kenya, Claimed by S. Sudan)","SCALERANK":6,"MIN_ZOOM":5,"FCLASS_ISO":null,"FCLASS_US":null,"FCLASS_FR":null,"FCLASS_RU":null,"FCLASS_ES":null,"FCLASS_CN":"International boundary (verify)","FCLASS_TW":null,"FCLASS_IN":null,"FCLASS_NP":null,"FCLASS_PK":null,"FCLASS_DE":null,"FCLASS_GB":null,"FCLASS_BR":null,"FCLASS_IL":null,"FCLASS_PS":null,"FCLASS_SA":null,"FCLASS_EG":null,"FCLASS_MA":null,"FCLASS_PT":null,"FCLASS_AR":null,"FCLASS_JP":null,"FCLASS_KO":null,"FCLASS_VN":null,"FCLASS_TR":null,"FCLASS_ID":null,"FCLASS_PL":null,"FCLASS_GR":null,"FCLASS_IT":null,"FCLASS_NL":null,"FCLASS_SE":null,"FCLASS_BD":null,"BRK_A3":"B17","FCLASS_UA":null,"ne_id":1746705635,"FCLASS_OSM":"International boundary (verify)","FCLASS_TLC":null}},{"type":"LineString","arcs":[263],"bbox":[35.631092,33.262173,35.718379,33.326727],"properties":{"FEATURECLA":"Claim boundary","NAME":"Lebanese claim","COMMENT":"Shebaa Farms","ADM0_USA":-1,"ADM0_LEFT":"Israel","ADM0_RIGHT":"Israel","ADM0_A3_L":"ISR","ADM0_A3_R":"ISR","SOV_A3_L":"ISR","SOV_A3_R":"ISR","LEFT_LABEL":0,"RIGHT_LABE":5,"BRK_A3_L":"B58","BRK_A3_R":"B16","BRK_NAME_L":"Shebaa Farms","BRK_NAME_R":"Golan Heights","NOTE":"(Admin. By Israel, Claimed by Lebanon)","SCALERANK":8,"MIN_ZOOM":7,"FCLASS_ISO":null,"FCLASS_US":"Claim boundary","FCLASS_FR":"Claim boundary","FCLASS_RU":"Claim boundary","FCLASS_ES":"Claim boundary","FCLASS_CN":"International boundary (verify)","FCLASS_TW":"International boundary (verify)","FCLASS_IN":"International boundary (verify)","FCLASS_NP":"Claim boundary","FCLASS_PK":"Claim boundary","FCLASS_DE":"Claim boundary","FCLASS_GB":"Claim boundary","FCLASS_BR":"International boundary (verify)","FCLASS_IL":"Unrecognized","FCLASS_PS":"Indefinite (please verify)","FCLASS_SA":"Indefinite (please verify)","FCLASS_EG":"International boundary (verify)","FCLASS_MA":"Claim boundary","FCLASS_PT":"Claim boundary","FCLASS_AR":"International boundary (verify)","FCLASS_JP":"Claim boundary","FCLASS_KO":"Claim boundary","FCLASS_VN":"Claim boundary","FCLASS_TR":"Claim boundary","FCLASS_ID":"International boundary (verify)","FCLASS_PL":"Claim boundary","FCLASS_GR":"Claim boundary","FCLASS_IT":"Claim boundary","FCLASS_NL":"International boundary (verify)","FCLASS_SE":"Claim boundary","FCLASS_BD":"Indefinite (please verify)","BRK_A3":"B58","FCLASS_UA":"Claim boundary","ne_id":1746705641,"FCLASS_OSM":"International boundary (verify)","FCLASS_TLC":null}},{"type":"LineString","arcs":[264],"bbox":[72.515604,35.099201,74.124705,36.894139],"properties":{"FEATURECLA":"Claim boundary","NAME":"Indian claim","COMMENT":null,"ADM0_USA":-1,"ADM0_LEFT":"Pakistan","ADM0_RIGHT":"Pakistan","ADM0_A3_L":"PAK","ADM0_A3_R":"PAK","SOV_A3_L":"PAK","SOV_A3_R":"PAK","LEFT_LABEL":5,"RIGHT_LABE":0,"BRK_A3_L":"B08","BRK_A3_R":null,"BRK_NAME_L":"Northern Areas","BRK_NAME_R":null,"NOTE":"(Admin. by Pakistan, Claimed by India)","SCALERANK":6,"MIN_ZOOM":3.7,"FCLASS_ISO":null,"FCLASS_US":null,"FCLASS_FR":null,"FCLASS_RU":"International boundary (verify)","FCLASS_ES":null,"FCLASS_CN":null,"FCLASS_TW":null,"FCLASS_IN":"International boundary (verify)","FCLASS_NP":null,"FCLASS_PK":"Unrecognized","FCLASS_DE":null,"FCLASS_GB":null,"FCLASS_BR":null,"FCLASS_IL":null,"FCLASS_PS":null,"FCLASS_SA":null,"FCLASS_EG":null,"FCLASS_MA":null,"FCLASS_PT":null,"FCLASS_AR":null,"FCLASS_JP":null,"FCLASS_KO":null,"FCLASS_VN":null,"FCLASS_TR":"Unrecognized","FCLASS_ID":null,"FCLASS_PL":null,"FCLASS_GR":null,"FCLASS_IT":null,"FCLASS_NL":null,"FCLASS_SE":null,"FCLASS_BD":null,"BRK_A3":"B08","FCLASS_UA":null,"ne_id":1746705651,"FCLASS_OSM":"Unrecognized","FCLASS_TLC":null}},{"type":"LineString","arcs":[265],"bbox":[-55.989231,-31.042669,-55.816728,-30.855649],"properties":{"FEATURECLA":"Claim boundary","NAME":null,"COMMENT":null,"ADM0_USA":null,"ADM0_LEFT":null,"ADM0_RIGHT":null,"ADM0_A3_L":null,"ADM0_A3_R":null,"SOV_A3_L":null,"SOV_A3_R":null,"LEFT_LABEL":null,"RIGHT_LABE":null,"BRK_A3_L":null,"BRK_A3_R":null,"BRK_NAME_L":null,"BRK_NAME_R":null,"NOTE":"(Admin. by Brazil, Claimed by Urug.)","SCALERANK":null,"MIN_ZOOM":null,"FCLASS_ISO":null,"FCLASS_US":null,"FCLASS_FR":null,"FCLASS_RU":null,"FCLASS_ES":null,"FCLASS_CN":null,"FCLASS_TW":null,"FCLASS_IN":null,"FCLASS_NP":null,"FCLASS_PK":null,"FCLASS_DE":null,"FCLASS_GB":null,"FCLASS_BR":"Unrecognized","FCLASS_IL":null,"FCLASS_PS":null,"FCLASS_SA":null,"FCLASS_EG":null,"FCLASS_MA":null,"FCLASS_PT":null,"FCLASS_AR":null,"FCLASS_JP":null,"FCLASS_KO":null,"FCLASS_VN":null,"FCLASS_TR":null,"FCLASS_ID":null,"FCLASS_PL":null,"FCLASS_GR":null,"FCLASS_IT":null,"FCLASS_NL":null,"FCLASS_SE":null,"FCLASS_BD":null,"BRK_A3":null,"FCLASS_UA":null,"ne_id":1746705659,"FCLASS_OSM":"Unrecognized","FCLASS_TLC":null}},{"type":"LineString","arcs":[266],"bbox":[46.527268,39.538156,46.624439,39.597373],"properties":{"FEATURECLA":"Breakaway","NAME":"Ceasefire Line 2020","COMMENT":"Nagorno-Karabakh","ADM0_USA":-1,"ADM0_LEFT":null,"ADM0_RIGHT":null,"ADM0_A3_L":"AZE","ADM0_A3_R":"AZE","SOV_A3_L":"AZE","SOV_A3_R":"AZE","LEFT_LABEL":0,"RIGHT_LABE":5,"BRK_A3_L":null,"BRK_A3_R":"B38","BRK_NAME_L":null,"BRK_NAME_R":"Nagorno-Karabakh","NOTE":"(Self admin., Claimed by Azer.)","SCALERANK":6,"MIN_ZOOM":5,"FCLASS_ISO":"Unrecognized","FCLASS_US":null,"FCLASS_FR":null,"FCLASS_RU":null,"FCLASS_ES":null,"FCLASS_CN":"Unrecognized","FCLASS_TW":"Unrecognized","FCLASS_IN":"Unrecognized","FCLASS_NP":"Unrecognized","FCLASS_PK":"Unrecognized","FCLASS_DE":null,"FCLASS_GB":null,"FCLASS_BR":"Unrecognized","FCLASS_IL":"Unrecognized","FCLASS_PS":"Unrecognized","FCLASS_SA":"Unrecognized","FCLASS_EG":"Unrecognized","FCLASS_MA":"Unrecognized","FCLASS_PT":"Unrecognized","FCLASS_AR":"Unrecognized","FCLASS_JP":"Unrecognized","FCLASS_KO":"Unrecognized","FCLASS_VN":"Unrecognized","FCLASS_TR":"Unrecognized","FCLASS_ID":"Unrecognized","FCLASS_PL":"Unrecognized","FCLASS_GR":"Unrecognized","FCLASS_IT":"Unrecognized","FCLASS_NL":null,"FCLASS_SE":null,"FCLASS_BD":"Unrecognized","BRK_A3":"B38","FCLASS_UA":"Unrecognized","ne_id":1746705669,"FCLASS_OSM":"Unrecognized","FCLASS_TLC":null}},{"type":"LineString","arcs":[267],"bbox":[46.479312,39.578671,46.56687,39.633189],"properties":{"FEATURECLA":"Breakaway","NAME":"Ceasefire Line 2020","COMMENT":"Nagorno-Karabakh","ADM0_USA":-1,"ADM0_LEFT":null,"ADM0_RIGHT":null,"ADM0_A3_L":"AZE","ADM0_A3_R":"AZE","SOV_A3_L":"AZE","SOV_A3_R":"AZE","LEFT_LABEL":0,"RIGHT_LABE":5,"BRK_A3_L":null,"BRK_A3_R":"B38","BRK_NAME_L":null,"BRK_NAME_R":"Nagorno-Karabakh","NOTE":"(Self admin., Claimed by Azer.)","SCALERANK":6,"MIN_ZOOM":5,"FCLASS_ISO":"Unrecognized","FCLASS_US":null,"FCLASS_FR":null,"FCLASS_RU":null,"FCLASS_ES":null,"FCLASS_CN":"Unrecognized","FCLASS_TW":"Unrecognized","FCLASS_IN":"Unrecognized","FCLASS_NP":"Unrecognized","FCLASS_PK":"Unrecognized","FCLASS_DE":null,"FCLASS_GB":null,"FCLASS_BR":"Unrecognized","FCLASS_IL":"Unrecognized","FCLASS_PS":"Unrecognized","FCLASS_SA":"Unrecognized","FCLASS_EG":"Unrecognized","FCLASS_MA":"Unrecognized","FCLASS_PT":"Unrecognized","FCLASS_AR":"Unrecognized","FCLASS_JP":"Unrecognized","FCLASS_KO":"Unrecognized","FCLASS_VN":"Unrecognized","FCLASS_TR":"Unrecognized","FCLASS_ID":"Unrecognized","FCLASS_PL":"Unrecognized","FCLASS_GR":"Unrecognized","FCLASS_IT":"Unrecognized","FCLASS_NL":null,"FCLASS_SE":null,"FCLASS_BD":"Unrecognized","BRK_A3":"B38","FCLASS_UA":"Unrecognized","ne_id":1746705677,"FCLASS_OSM":"Unrecognized","FCLASS_TLC":null}},{"type":"LineString","arcs":[268],"bbox":[47.181698,39.812891,47.203353,39.853279],"properties":{"FEATURECLA":"Breakaway","NAME":"Ceasefire Line 2020","COMMENT":"Nagorno-Karabakh","ADM0_USA":-1,"ADM0_LEFT":null,"ADM0_RIGHT":null,"ADM0_A3_L":"AZE","ADM0_A3_R":"AZE","SOV_A3_L":"AZE","SOV_A3_R":"AZE","LEFT_LABEL":0,"RIGHT_LABE":5,"BRK_A3_L":null,"BRK_A3_R":"B38","BRK_NAME_L":null,"BRK_NAME_R":"Nagorno-Karabakh","NOTE":"(Self admin., Claimed by Azer.)","SCALERANK":6,"MIN_ZOOM":5,"FCLASS_ISO":"Unrecognized","FCLASS_US":null,"FCLASS_FR":null,"FCLASS_RU":null,"FCLASS_ES":null,"FCLASS_CN":"Unrecognized","FCLASS_TW":"Unrecognized","FCLASS_IN":"Unrecognized","FCLASS_NP":"Unrecognized","FCLASS_PK":"Unrecognized","FCLASS_DE":null,"FCLASS_GB":null,"FCLASS_BR":"Unrecognized","FCLASS_IL":"Unrecognized","FCLASS_PS":"Unrecognized","FCLASS_SA":"Unrecognized","FCLASS_EG":"Unrecognized","FCLASS_MA":"Unrecognized","FCLASS_PT":"Unrecognized","FCLASS_AR":"Unrecognized","FCLASS_JP":"Unrecognized","FCLASS_KO":"Unrecognized","FCLASS_VN":"Unrecognized","FCLASS_TR":"Unrecognized","FCLASS_ID":"Unrecognized","FCLASS_PL":"Unrecognized","FCLASS_GR":"Unrecognized","FCLASS_IT":"Unrecognized","FCLASS_NL":null,"FCLASS_SE":null,"FCLASS_BD":"Unrecognized","BRK_A3":"B38","FCLASS_UA":"Unrecognized","ne_id":1746705687,"FCLASS_OSM":"Unrecognized","FCLASS_TLC":null}},{"type":"LineString","arcs":[269],"bbox":[46.696353,39.669053,47.203353,39.812891],"properties":{"FEATURECLA":"Breakaway","NAME":"Ceasefire Line 2020","COMMENT":"Nagorno-Karabakh","ADM0_USA":-1,"ADM0_LEFT":null,"ADM0_RIGHT":null,"ADM0_A3_L":"AZE","ADM0_A3_R":"AZE","SOV_A3_L":"AZE","SOV_A3_R":"AZE","LEFT_LABEL":0,"RIGHT_LABE":5,"BRK_A3_L":null,"BRK_A3_R":"B38","BRK_NAME_L":null,"BRK_NAME_R":"Nagorno-Karabakh","NOTE":"(Self admin., Claimed by Azer.)","SCALERANK":6,"MIN_ZOOM":5,"FCLASS_ISO":"Unrecognized","FCLASS_US":null,"FCLASS_FR":null,"FCLASS_RU":null,"FCLASS_ES":null,"FCLASS_CN":"Unrecognized","FCLASS_TW":"Unrecognized","FCLASS_IN":"Unrecognized","FCLASS_NP":"Unrecognized","FCLASS_PK":"Unrecognized","FCLASS_DE":null,"FCLASS_GB":null,"FCLASS_BR":"Unrecognized","FCLASS_IL":"Unrecognized","FCLASS_PS":"Unrecognized","FCLASS_SA":"Unrecognized","FCLASS_EG":"Unrecognized","FCLASS_MA":"Unrecognized","FCLASS_PT":"Unrecognized","FCLASS_AR":"Unrecognized","FCLASS_JP":"Unrecognized","FCLASS_KO":"Unrecognized","FCLASS_VN":"Unrecognized","FCLASS_TR":"Unrecognized","FCLASS_ID":"Unrecognized","FCLASS_PL":"Unrecognized","FCLASS_GR":"Unrecognized","FCLASS_IT":"Unrecognized","FCLASS_NL":null,"FCLASS_SE":null,"FCLASS_BD":"Unrecognized","BRK_A3":"B38","FCLASS_UA":"Unrecognized","ne_id":1746705695,"FCLASS_OSM":"Unrecognized","FCLASS_TLC":null}},{"type":"LineString","arcs":[270],"bbox":[46.314671,40.228016,46.464689,40.282504],"properties":{"FEATURECLA":"Breakaway","NAME":"Ceasefire Line 2020","COMMENT":"Nagorno-Karabakh","ADM0_USA":-1,"ADM0_LEFT":null,"ADM0_RIGHT":null,"ADM0_A3_L":"AZE","ADM0_A3_R":"AZE","SOV_A3_L":"AZE","SOV_A3_R":"AZE","LEFT_LABEL":0,"RIGHT_LABE":5,"BRK_A3_L":null,"BRK_A3_R":"B38","BRK_NAME_L":null,"BRK_NAME_R":"Nagorno-Karabakh","NOTE":"(Self admin., Claimed by Azer.)","SCALERANK":6,"MIN_ZOOM":5,"FCLASS_ISO":"Unrecognized","FCLASS_US":null,"FCLASS_FR":null,"FCLASS_RU":null,"FCLASS_ES":null,"FCLASS_CN":"Unrecognized","FCLASS_TW":"Unrecognized","FCLASS_IN":"Unrecognized","FCLASS_NP":"Unrecognized","FCLASS_PK":"Unrecognized","FCLASS_DE":null,"FCLASS_GB":null,"FCLASS_BR":"Unrecognized","FCLASS_IL":"Unrecognized","FCLASS_PS":"Unrecognized","FCLASS_SA":"Unrecognized","FCLASS_EG":"Unrecognized","FCLASS_MA":"Unrecognized","FCLASS_PT":"Unrecognized","FCLASS_AR":"Unrecognized","FCLASS_JP":"Unrecognized","FCLASS_KO":"Unrecognized","FCLASS_VN":"Unrecognized","FCLASS_TR":"Unrecognized","FCLASS_ID":"Unrecognized","FCLASS_PL":"Unrecognized","FCLASS_GR":"Unrecognized","FCLASS_IT":"Unrecognized","FCLASS_NL":null,"FCLASS_SE":null,"FCLASS_BD":"Unrecognized","BRK_A3":"B38","FCLASS_UA":"Unrecognized","ne_id":1746705703,"FCLASS_OSM":"Unrecognized","FCLASS_TLC":null}},{"type":"LineString","arcs":[271],"bbox":[46.56687,39.59773,46.624166,39.633189],"properties":{"FEATURECLA":"Reference line","NAME":"Former USSR oblast in 1991","COMMENT":"Nagorno-Karabakh Autonomous Oblast, circa 1991","ADM0_USA":-1,"ADM0_LEFT":null,"ADM0_RIGHT":null,"ADM0_A3_L":"AZE","ADM0_A3_R":"AZE","SOV_A3_L":"AZE","SOV_A3_R":"AZE","LEFT_LABEL":5,"RIGHT_LABE":5,"BRK_A3_L":"B38","BRK_A3_R":"B38","BRK_NAME_L":"Nagorno-Karabakh","BRK_NAME_R":"Nagorno-Karabakh","NOTE":"(Self admin., Claimed by Azer.)","SCALERANK":6,"MIN_ZOOM":5,"FCLASS_ISO":"Unrecognized","FCLASS_US":"Unrecognized","FCLASS_FR":"Unrecognized","FCLASS_RU":"Unrecognized","FCLASS_ES":"Unrecognized","FCLASS_CN":"Unrecognized","FCLASS_TW":"Unrecognized","FCLASS_IN":"Unrecognized","FCLASS_NP":"Unrecognized","FCLASS_PK":"Unrecognized","FCLASS_DE":"Unrecognized","FCLASS_GB":"Unrecognized","FCLASS_BR":"Unrecognized","FCLASS_IL":"Unrecognized","FCLASS_PS":"Unrecognized","FCLASS_SA":"Unrecognized","FCLASS_EG":"Unrecognized","FCLASS_MA":"Unrecognized","FCLASS_PT":"Unrecognized","FCLASS_AR":"Unrecognized","FCLASS_JP":"Unrecognized","FCLASS_KO":"Unrecognized","FCLASS_VN":"Unrecognized","FCLASS_TR":"Unrecognized","FCLASS_ID":"Unrecognized","FCLASS_PL":"Unrecognized","FCLASS_GR":"Unrecognized","FCLASS_IT":"Unrecognized","FCLASS_NL":"Unrecognized","FCLASS_SE":"Unrecognized","FCLASS_BD":"Unrecognized","BRK_A3":"B38","FCLASS_UA":"Unrecognized","ne_id":1746705713,"FCLASS_OSM":"Unrecognized","FCLASS_TLC":null}},{"type":"LineString","arcs":[272],"bbox":[46.418438,39.633189,46.582355,39.999213],"properties":{"FEATURECLA":"Reference line","NAME":"Former USSR oblast in 1991","COMMENT":"Nagorno-Karabakh Autonomous Oblast, circa 1991","ADM0_USA":-1,"ADM0_LEFT":null,"ADM0_RIGHT":null,"ADM0_A3_L":"AZE","ADM0_A3_R":"AZE","SOV_A3_L":"AZE","SOV_A3_R":"AZE","LEFT_LABEL":5,"RIGHT_LABE":5,"BRK_A3_L":"B38","BRK_A3_R":"B38","BRK_NAME_L":"Nagorno-Karabakh","BRK_NAME_R":"Nagorno-Karabakh","NOTE":"(Self admin., Claimed by Azer.)","SCALERANK":6,"MIN_ZOOM":5,"FCLASS_ISO":"Unrecognized","FCLASS_US":"Unrecognized","FCLASS_FR":"Unrecognized","FCLASS_RU":"Unrecognized","FCLASS_ES":"Unrecognized","FCLASS_CN":"Unrecognized","FCLASS_TW":"Unrecognized","FCLASS_IN":"Unrecognized","FCLASS_NP":"Unrecognized","FCLASS_PK":"Unrecognized","FCLASS_DE":"Unrecognized","FCLASS_GB":"Unrecognized","FCLASS_BR":"Unrecognized","FCLASS_IL":"Unrecognized","FCLASS_PS":"Unrecognized","FCLASS_SA":"Unrecognized","FCLASS_EG":"Unrecognized","FCLASS_MA":"Unrecognized","FCLASS_PT":"Unrecognized","FCLASS_AR":"Unrecognized","FCLASS_JP":"Unrecognized","FCLASS_KO":"Unrecognized","FCLASS_VN":"Unrecognized","FCLASS_TR":"Unrecognized","FCLASS_ID":"Unrecognized","FCLASS_PL":"Unrecognized","FCLASS_GR":"Unrecognized","FCLASS_IT":"Unrecognized","FCLASS_NL":"Unrecognized","FCLASS_SE":"Unrecognized","FCLASS_BD":"Unrecognized","BRK_A3":"B38","FCLASS_UA":"Unrecognized","ne_id":1746705727,"FCLASS_OSM":"Unrecognized","FCLASS_TLC":null}},{"type":"LineString","arcs":[250,273],"bbox":[46.677543,39.821291,47.181698,40.252841],"properties":{"FEATURECLA":"Breakaway","NAME":"Ceasefire Line 2020","COMMENT":"Nagorno-Karabakh Autonomous Oblast, circa 1991","ADM0_USA":-1,"ADM0_LEFT":null,"ADM0_RIGHT":null,"ADM0_A3_L":"AZE","ADM0_A3_R":"AZE","SOV_A3_L":"AZE","SOV_A3_R":"AZE","LEFT_LABEL":5,"RIGHT_LABE":5,"BRK_A3_L":null,"BRK_A3_R":"B38","BRK_NAME_L":null,"BRK_NAME_R":"Nagorno-Karabakh","NOTE":"(Self admin., Claimed by Azer.)","SCALERANK":6,"MIN_ZOOM":5,"FCLASS_ISO":"Unrecognized","FCLASS_US":null,"FCLASS_FR":null,"FCLASS_RU":null,"FCLASS_ES":null,"FCLASS_CN":"Unrecognized","FCLASS_TW":"Unrecognized","FCLASS_IN":"Unrecognized","FCLASS_NP":"Unrecognized","FCLASS_PK":"Unrecognized","FCLASS_DE":null,"FCLASS_GB":null,"FCLASS_BR":"Unrecognized","FCLASS_IL":"Unrecognized","FCLASS_PS":"Unrecognized","FCLASS_SA":"Unrecognized","FCLASS_EG":"Unrecognized","FCLASS_MA":"Unrecognized","FCLASS_PT":"Unrecognized","FCLASS_AR":"Unrecognized","FCLASS_JP":"Unrecognized","FCLASS_KO":"Unrecognized","FCLASS_VN":"Unrecognized","FCLASS_TR":"Unrecognized","FCLASS_ID":"Unrecognized","FCLASS_PL":"Unrecognized","FCLASS_GR":"Unrecognized","FCLASS_IT":"Unrecognized","FCLASS_NL":null,"FCLASS_SE":null,"FCLASS_BD":"Unrecognized","BRK_A3":"B38","FCLASS_UA":"Unrecognized","ne_id":1746705737,"FCLASS_OSM":"Unrecognized","FCLASS_TLC":null}},{"type":"LineString","arcs":[252],"bbox":[46.291365,39.999213,46.418438,40.243488],"properties":{"FEATURECLA":"Breakaway","NAME":"Ceasefire Line 2020","COMMENT":"Nagorno-Karabakh Autonomous Oblast, circa 1991","ADM0_USA":-1,"ADM0_LEFT":null,"ADM0_RIGHT":null,"ADM0_A3_L":"AZE","ADM0_A3_R":"AZE","SOV_A3_L":"AZE","SOV_A3_R":"AZE","LEFT_LABEL":5,"RIGHT_LABE":5,"BRK_A3_L":null,"BRK_A3_R":"B38","BRK_NAME_L":null,"BRK_NAME_R":"Nagorno-Karabakh","NOTE":"(Self admin., Claimed by Azer.)","SCALERANK":6,"MIN_ZOOM":5,"FCLASS_ISO":"Unrecognized","FCLASS_US":null,"FCLASS_FR":null,"FCLASS_RU":null,"FCLASS_ES":null,"FCLASS_CN":"Unrecognized","FCLASS_TW":"Unrecognized","FCLASS_IN":"Unrecognized","FCLASS_NP":"Unrecognized","FCLASS_PK":"Unrecognized","FCLASS_DE":null,"FCLASS_GB":null,"FCLASS_BR":"Unrecognized","FCLASS_IL":"Unrecognized","FCLASS_PS":"Unrecognized","FCLASS_SA":"Unrecognized","FCLASS_EG":"Unrecognized","FCLASS_MA":"Unrecognized","FCLASS_PT":"Unrecognized","FCLASS_AR":"Unrecognized","FCLASS_JP":"Unrecognized","FCLASS_KO":"Unrecognized","FCLASS_VN":"Unrecognized","FCLASS_TR":"Unrecognized","FCLASS_ID":"Unrecognized","FCLASS_PL":"Unrecognized","FCLASS_GR":"Unrecognized","FCLASS_IT":"Unrecognized","FCLASS_NL":null,"FCLASS_SE":null,"FCLASS_BD":"Unrecognized","BRK_A3":"B38","FCLASS_UA":"Unrecognized","ne_id":1746705745,"FCLASS_OSM":"Unrecognized","FCLASS_TLC":null}},{"type":"LineString","arcs":[272],"bbox":[46.418438,39.633189,46.582355,39.999213],"properties":{"FEATURECLA":"Breakaway","NAME":"Ceasefire Line 2020","COMMENT":"Nagorno-Karabakh Autonomous Oblast, circa 1991","ADM0_USA":-1,"ADM0_LEFT":null,"ADM0_RIGHT":null,"ADM0_A3_L":"AZE","ADM0_A3_R":"AZE","SOV_A3_L":"AZE","SOV_A3_R":"AZE","LEFT_LABEL":5,"RIGHT_LABE":5,"BRK_A3_L":null,"BRK_A3_R":"B38","BRK_NAME_L":null,"BRK_NAME_R":"Nagorno-Karabakh","NOTE":"(Self admin., Claimed by Azer.)","SCALERANK":6,"MIN_ZOOM":5,"FCLASS_ISO":"Unrecognized","FCLASS_US":null,"FCLASS_FR":null,"FCLASS_RU":null,"FCLASS_ES":null,"FCLASS_CN":"Unrecognized","FCLASS_TW":"Unrecognized","FCLASS_IN":"Unrecognized","FCLASS_NP":"Unrecognized","FCLASS_PK":"Unrecognized","FCLASS_DE":null,"FCLASS_GB":null,"FCLASS_BR":"Unrecognized","FCLASS_IL":"Unrecognized","FCLASS_PS":"Unrecognized","FCLASS_SA":"Unrecognized","FCLASS_EG":"Unrecognized","FCLASS_MA":"Unrecognized","FCLASS_PT":"Unrecognized","FCLASS_AR":"Unrecognized","FCLASS_JP":"Unrecognized","FCLASS_KO":"Unrecognized","FCLASS_VN":"Unrecognized","FCLASS_TR":"Unrecognized","FCLASS_ID":"Unrecognized","FCLASS_PL":"Unrecognized","FCLASS_GR":"Unrecognized","FCLASS_IT":"Unrecognized","FCLASS_NL":null,"FCLASS_SE":null,"FCLASS_BD":"Unrecognized","BRK_A3":"B38","FCLASS_UA":"Unrecognized","ne_id":1746705757,"FCLASS_OSM":"Unrecognized","FCLASS_TLC":null}},{"type":"LineString","arcs":[261],"bbox":[46.624439,39.597373,46.696353,39.669053],"properties":{"FEATURECLA":"Breakaway","NAME":"Ceasefire Line 2020","COMMENT":"Nagorno-Karabakh Autonomous Oblast, circa 1991","ADM0_USA":-1,"ADM0_LEFT":null,"ADM0_RIGHT":null,"ADM0_A3_L":"AZE","ADM0_A3_R":"AZE","SOV_A3_L":"AZE","SOV_A3_R":"AZE","LEFT_LABEL":5,"RIGHT_LABE":5,"BRK_A3_L":null,"BRK_A3_R":"B38","BRK_NAME_L":null,"BRK_NAME_R":"Nagorno-Karabakh","NOTE":"(Self admin., Claimed by Azer.)","SCALERANK":6,"MIN_ZOOM":5,"FCLASS_ISO":"Unrecognized","FCLASS_US":null,"FCLASS_FR":null,"FCLASS_RU":null,"FCLASS_ES":null,"FCLASS_CN":"Unrecognized","FCLASS_TW":"Unrecognized","FCLASS_IN":"Unrecognized","FCLASS_NP":"Unrecognized","FCLASS_PK":"Unrecognized","FCLASS_DE":null,"FCLASS_GB":null,"FCLASS_BR":"Unrecognized","FCLASS_IL":"Unrecognized","FCLASS_PS":"Unrecognized","FCLASS_SA":"Unrecognized","FCLASS_EG":"Unrecognized","FCLASS_MA":"Unrecognized","FCLASS_PT":"Unrecognized","FCLASS_AR":"Unrecognized","FCLASS_JP":"Unrecognized","FCLASS_KO":"Unrecognized","FCLASS_VN":"Unrecognized","FCLASS_TR":"Unrecognized","FCLASS_ID":"Unrecognized","FCLASS_PL":"Unrecognized","FCLASS_GR":"Unrecognized","FCLASS_IT":"Unrecognized","FCLASS_NL":null,"FCLASS_SE":null,"FCLASS_BD":"Unrecognized","BRK_A3":"B38","FCLASS_UA":"Unrecognized","ne_id":1746705769,"FCLASS_OSM":"Unrecognized","FCLASS_TLC":null}},{"type":"LineString","arcs":[254,255],"bbox":[46.461967,40.282399,46.726842,40.412728],"properties":{"FEATURECLA":"Breakaway","NAME":"Ceasefire Line 2020","COMMENT":"Nagorno-Karabakh Autonomous Oblast, circa 1991","ADM0_USA":-1,"ADM0_LEFT":null,"ADM0_RIGHT":null,"ADM0_A3_L":"AZE","ADM0_A3_R":"AZE","SOV_A3_L":"AZE","SOV_A3_R":"AZE","LEFT_LABEL":0,"RIGHT_LABE":5,"BRK_A3_L":null,"BRK_A3_R":"B38","BRK_NAME_L":null,"BRK_NAME_R":"Nagorno-Karabakh","NOTE":"(Self admin., Claimed by Azer.)","SCALERANK":6,"MIN_ZOOM":5,"FCLASS_ISO":"Unrecognized","FCLASS_US":null,"FCLASS_FR":null,"FCLASS_RU":null,"FCLASS_ES":null,"FCLASS_CN":"Unrecognized","FCLASS_TW":"Unrecognized","FCLASS_IN":"Unrecognized","FCLASS_NP":"Unrecognized","FCLASS_PK":"Unrecognized","FCLASS_DE":null,"FCLASS_GB":null,"FCLASS_BR":"Unrecognized","FCLASS_IL":"Unrecognized","FCLASS_PS":"Unrecognized","FCLASS_SA":"Unrecognized","FCLASS_EG":"Unrecognized","FCLASS_MA":"Unrecognized","FCLASS_PT":"Unrecognized","FCLASS_AR":"Unrecognized","FCLASS_JP":"Unrecognized","FCLASS_KO":"Unrecognized","FCLASS_VN":"Unrecognized","FCLASS_TR":"Unrecognized","FCLASS_ID":"Unrecognized","FCLASS_PL":"Unrecognized","FCLASS_GR":"Unrecognized","FCLASS_IT":"Unrecognized","FCLASS_NL":null,"FCLASS_SE":null,"FCLASS_BD":"Unrecognized","BRK_A3":"B38","FCLASS_UA":"Unrecognized","ne_id":1746705781,"FCLASS_OSM":"Unrecognized","FCLASS_TLC":null}},{"type":"LineString","arcs":[274],"bbox":[34.084179,21.995454,35.621087,23.139293],"properties":{"FEATURECLA":"Claim boundary","NAME":"Sudanese claim","COMMENT":null,"ADM0_USA":1,"ADM0_LEFT":"Egypt","ADM0_RIGHT":"Egypt","ADM0_A3_L":"EGY","ADM0_A3_R":"EGY","SOV_A3_L":"EGY","SOV_A3_R":"EGY","LEFT_LABEL":0,"RIGHT_LABE":5,"BRK_A3_L":null,"BRK_A3_R":"B93","BRK_NAME_L":null,"BRK_NAME_R":"Halayib Triangle","NOTE":"(Admin. by Egypt, Claimed by Sudan)","SCALERANK":7,"MIN_ZOOM":7,"FCLASS_ISO":null,"FCLASS_US":null,"FCLASS_FR":null,"FCLASS_RU":null,"FCLASS_ES":null,"FCLASS_CN":"Disputed (please verify)","FCLASS_TW":null,"FCLASS_IN":null,"FCLASS_NP":null,"FCLASS_PK":null,"FCLASS_DE":null,"FCLASS_GB":null,"FCLASS_BR":null,"FCLASS_IL":null,"FCLASS_PS":null,"FCLASS_SA":null,"FCLASS_EG":"Unrecognized","FCLASS_MA":null,"FCLASS_PT":null,"FCLASS_AR":null,"FCLASS_JP":null,"FCLASS_KO":null,"FCLASS_VN":null,"FCLASS_TR":null,"FCLASS_ID":null,"FCLASS_PL":null,"FCLASS_GR":null,"FCLASS_IT":null,"FCLASS_NL":null,"FCLASS_SE":null,"FCLASS_BD":null,"BRK_A3":"B93","FCLASS_UA":null,"ne_id":1746705785,"FCLASS_OSM":"Unrecognized","FCLASS_TLC":null}},{"type":"LineString","arcs":[275],"bbox":[33.181136,21.710957,34.084179,21.995454],"properties":{"FEATURECLA":"Elusive frontier","NAME":"Bir Tawil","COMMENT":"Bir Tawil","ADM0_USA":-1,"ADM0_LEFT":"SDN","ADM0_RIGHT":"SDN","ADM0_A3_L":"SDN","ADM0_A3_R":"SDN","SOV_A3_L":"SDN","SOV_A3_R":"SDN","LEFT_LABEL":null,"RIGHT_LABE":null,"BRK_A3_L":"B93","BRK_A3_R":null,"BRK_NAME_L":"Bir Tawil","BRK_NAME_R":"Bir Tawil","NOTE":"(Indeterminant admin.)","SCALERANK":7,"MIN_ZOOM":7,"FCLASS_ISO":"Unrecognized","FCLASS_US":null,"FCLASS_FR":null,"FCLASS_RU":null,"FCLASS_ES":null,"FCLASS_CN":"Disputed (please verify)","FCLASS_TW":null,"FCLASS_IN":null,"FCLASS_NP":null,"FCLASS_PK":null,"FCLASS_DE":null,"FCLASS_GB":null,"FCLASS_BR":null,"FCLASS_IL":null,"FCLASS_PS":null,"FCLASS_SA":null,"FCLASS_EG":null,"FCLASS_MA":null,"FCLASS_PT":null,"FCLASS_AR":null,"FCLASS_JP":null,"FCLASS_KO":null,"FCLASS_VN":null,"FCLASS_TR":null,"FCLASS_ID":null,"FCLASS_PL":null,"FCLASS_GR":null,"FCLASS_IT":null,"FCLASS_NL":null,"FCLASS_SE":null,"FCLASS_BD":null,"BRK_A3":"B94","FCLASS_UA":null,"ne_id":1746705805,"FCLASS_OSM":"Unrecognized","FCLASS_TLC":"Unrecognized"}},{"type":"LineString","arcs":[276],"bbox":[13.585139,45.458979,13.64292,45.489247],"properties":{"FEATURECLA":"Claim boundary","NAME":"Slovenian claim","COMMENT":null,"ADM0_USA":1,"ADM0_LEFT":null,"ADM0_RIGHT":null,"ADM0_A3_L":null,"ADM0_A3_R":null,"SOV_A3_L":null,"SOV_A3_R":null,"LEFT_LABEL":null,"RIGHT_LABE":null,"BRK_A3_L":null,"BRK_A3_R":null,"BRK_NAME_L":null,"BRK_NAME_R":null,"NOTE":null,"SCALERANK":7,"MIN_ZOOM":7,"FCLASS_ISO":null,"FCLASS_US":null,"FCLASS_FR":null,"FCLASS_RU":null,"FCLASS_ES":null,"FCLASS_CN":null,"FCLASS_TW":null,"FCLASS_IN":null,"FCLASS_NP":null,"FCLASS_PK":null,"FCLASS_DE":null,"FCLASS_GB":null,"FCLASS_BR":null,"FCLASS_IL":null,"FCLASS_PS":null,"FCLASS_SA":null,"FCLASS_EG":null,"FCLASS_MA":null,"FCLASS_PT":null,"FCLASS_AR":null,"FCLASS_JP":null,"FCLASS_KO":null,"FCLASS_VN":null,"FCLASS_TR":null,"FCLASS_ID":null,"FCLASS_PL":null,"FCLASS_GR":null,"FCLASS_IT":null,"FCLASS_NL":null,"FCLASS_SE":null,"FCLASS_BD":null,"BRK_A3":null,"FCLASS_UA":null,"ne_id":1746705817,"FCLASS_OSM":"Unrecognized","FCLASS_TLC":null}},{"type":"LineString","arcs":[277],"bbox":[19.197179,45.242973,19.276017,45.281127],"properties":{"FEATURECLA":"Claim boundary","NAME":null,"COMMENT":null,"ADM0_USA":1,"ADM0_LEFT":"Republic of Serbia","ADM0_RIGHT":"Croatia","ADM0_A3_L":"SRB","ADM0_A3_R":"HRV","SOV_A3_L":"SRB","SOV_A3_R":"HRV","LEFT_LABEL":null,"RIGHT_LABE":null,"BRK_A3_L":null,"BRK_A3_R":null,"BRK_NAME_L":null,"BRK_NAME_R":null,"NOTE":null,"SCALERANK":1,"MIN_ZOOM":0,"FCLASS_ISO":null,"FCLASS_US":null,"FCLASS_FR":null,"FCLASS_RU":null,"FCLASS_ES":null,"FCLASS_CN":null,"FCLASS_TW":null,"FCLASS_IN":null,"FCLASS_NP":null,"FCLASS_PK":null,"FCLASS_DE":null,"FCLASS_GB":null,"FCLASS_BR":null,"FCLASS_IL":null,"FCLASS_PS":null,"FCLASS_SA":null,"FCLASS_EG":null,"FCLASS_MA":null,"FCLASS_PT":null,"FCLASS_AR":null,"FCLASS_JP":null,"FCLASS_KO":null,"FCLASS_VN":null,"FCLASS_TR":null,"FCLASS_ID":null,"FCLASS_PL":null,"FCLASS_GR":null,"FCLASS_IT":null,"FCLASS_NL":null,"FCLASS_SE":null,"FCLASS_BD":null,"BRK_A3":null,"FCLASS_UA":null,"ne_id":1746705831,"FCLASS_OSM":"International boundary (verify)","FCLASS_TLC":null}},{"type":"LineString","arcs":[278],"bbox":[19.007523,45.345395,19.052943,45.359534],"properties":{"FEATURECLA":"Claim boundary","NAME":null,"COMMENT":null,"ADM0_USA":1,"ADM0_LEFT":"Republic of Serbia","ADM0_RIGHT":"Croatia","ADM0_A3_L":"SRB","ADM0_A3_R":"HRV","SOV_A3_L":"SRB","SOV_A3_R":"HRV","LEFT_LABEL":null,"RIGHT_LABE":null,"BRK_A3_L":null,"BRK_A3_R":null,"BRK_NAME_L":null,"BRK_NAME_R":null,"NOTE":null,"SCALERANK":1,"MIN_ZOOM":0,"FCLASS_ISO":null,"FCLASS_US":null,"FCLASS_FR":null,"FCLASS_RU":null,"FCLASS_ES":null,"FCLASS_CN":null,"FCLASS_TW":null,"FCLASS_IN":null,"FCLASS_NP":null,"FCLASS_PK":null,"FCLASS_DE":null,"FCLASS_GB":null,"FCLASS_BR":null,"FCLASS_IL":null,"FCLASS_PS":null,"FCLASS_SA":null,"FCLASS_EG":null,"FCLASS_MA":null,"FCLASS_PT":null,"FCLASS_AR":null,"FCLASS_JP":null,"FCLASS_KO":null,"FCLASS_VN":null,"FCLASS_TR":null,"FCLASS_ID":null,"FCLASS_PL":null,"FCLASS_GR":null,"FCLASS_IT":null,"FCLASS_NL":null,"FCLASS_SE":null,"FCLASS_BD":null,"BRK_A3":null,"FCLASS_UA":null,"ne_id":1746705837,"FCLASS_OSM":"International boundary (verify)","FCLASS_TLC":null}},{"type":"LineString","arcs":[279],"bbox":[35.661296,33.212104,35.685224,33.246903],"properties":{"FEATURECLA":"Reference line","NAME":"DMZ","COMMENT":"Golan Heights","ADM0_USA":1,"ADM0_LEFT":"DMZ","ADM0_RIGHT":"DMZ","ADM0_A3_L":"ISR","ADM0_A3_R":"ISR","SOV_A3_L":"ISR","SOV_A3_R":"ISR","LEFT_LABEL":null,"RIGHT_LABE":null,"BRK_A3_L":"B16","BRK_A3_R":null,"BRK_NAME_L":null,"BRK_NAME_R":null,"NOTE":"(DMZ 1949)","SCALERANK":9,"MIN_ZOOM":8,"FCLASS_ISO":"Unrecognized","FCLASS_US":null,"FCLASS_FR":null,"FCLASS_RU":"Unrecognized","FCLASS_ES":null,"FCLASS_CN":null,"FCLASS_TW":null,"FCLASS_IN":null,"FCLASS_NP":null,"FCLASS_PK":"Unrecognized","FCLASS_DE":null,"FCLASS_GB":null,"FCLASS_BR":null,"FCLASS_IL":"Unrecognized","FCLASS_PS":"Unrecognized","FCLASS_SA":"Unrecognized","FCLASS_EG":"Unrecognized","FCLASS_MA":null,"FCLASS_PT":null,"FCLASS_AR":null,"FCLASS_JP":null,"FCLASS_KO":null,"FCLASS_VN":null,"FCLASS_TR":null,"FCLASS_ID":"Unrecognized","FCLASS_PL":null,"FCLASS_GR":null,"FCLASS_IT":null,"FCLASS_NL":null,"FCLASS_SE":null,"FCLASS_BD":"Unrecognized","BRK_A3":"B16","FCLASS_UA":null,"ne_id":1746705847,"FCLASS_OSM":"Unrecognized","FCLASS_TLC":null}},{"type":"LineString","arcs":[280],"bbox":[35.613058,32.895393,35.645878,33.077181],"properties":{"FEATURECLA":"Reference line","NAME":"DMZ","COMMENT":"Golan Heights","ADM0_USA":1,"ADM0_LEFT":"DMZ","ADM0_RIGHT":"DMZ","ADM0_A3_L":"ISR","ADM0_A3_R":"ISR","SOV_A3_L":"ISR","SOV_A3_R":"ISR","LEFT_LABEL":null,"RIGHT_LABE":null,"BRK_A3_L":"B16","BRK_A3_R":null,"BRK_NAME_L":null,"BRK_NAME_R":null,"NOTE":"(DMZ 1949)","SCALERANK":9,"MIN_ZOOM":8,"FCLASS_ISO":"Unrecognized","FCLASS_US":null,"FCLASS_FR":null,"FCLASS_RU":"Unrecognized","FCLASS_ES":null,"FCLASS_CN":null,"FCLASS_TW":null,"FCLASS_IN":null,"FCLASS_NP":null,"FCLASS_PK":"Unrecognized","FCLASS_DE":null,"FCLASS_GB":null,"FCLASS_BR":null,"FCLASS_IL":"Unrecognized","FCLASS_PS":"Unrecognized","FCLASS_SA":"Unrecognized","FCLASS_EG":"Unrecognized","FCLASS_MA":null,"FCLASS_PT":null,"FCLASS_AR":null,"FCLASS_JP":null,"FCLASS_KO":null,"FCLASS_VN":null,"FCLASS_TR":null,"FCLASS_ID":"Unrecognized","FCLASS_PL":null,"FCLASS_GR":null,"FCLASS_IT":null,"FCLASS_NL":null,"FCLASS_SE":null,"FCLASS_BD":"Unrecognized","BRK_A3":"B16","FCLASS_UA":null,"ne_id":1746705859,"FCLASS_OSM":"Unrecognized","FCLASS_TLC":null}},{"type":"LineString","arcs":[281],"bbox":[35.639649,32.678989,35.658118,32.820478],"properties":{"FEATURECLA":"Reference line","NAME":"DMZ","COMMENT":"Golan Heights","ADM0_USA":1,"ADM0_LEFT":"DMZ","ADM0_RIGHT":"DMZ","ADM0_A3_L":"ISR","ADM0_A3_R":"ISR","SOV_A3_L":"ISR","SOV_A3_R":"ISR","LEFT_LABEL":null,"RIGHT_LABE":null,"BRK_A3_L":"B16","BRK_A3_R":null,"BRK_NAME_L":null,"BRK_NAME_R":null,"NOTE":"(DMZ 1949)","SCALERANK":9,"MIN_ZOOM":8,"FCLASS_ISO":"Unrecognized","FCLASS_US":null,"FCLASS_FR":null,"FCLASS_RU":"Unrecognized","FCLASS_ES":null,"FCLASS_CN":null,"FCLASS_TW":null,"FCLASS_IN":null,"FCLASS_NP":null,"FCLASS_PK":"Unrecognized","FCLASS_DE":null,"FCLASS_GB":null,"FCLASS_BR":null,"FCLASS_IL":"Unrecognized","FCLASS_PS":"Unrecognized","FCLASS_SA":"Unrecognized","FCLASS_EG":"Unrecognized","FCLASS_MA":null,"FCLASS_PT":null,"FCLASS_AR":null,"FCLASS_JP":null,"FCLASS_KO":null,"FCLASS_VN":null,"FCLASS_TR":null,"FCLASS_ID":"Unrecognized","FCLASS_PL":null,"FCLASS_GR":null,"FCLASS_IT":null,"FCLASS_NL":null,"FCLASS_SE":null,"FCLASS_BD":"Unrecognized","BRK_A3":"B16","FCLASS_UA":null,"ne_id":1746705871,"FCLASS_OSM":"Unrecognized","FCLASS_TLC":null}},{"type":"LineString","arcs":[282],"bbox":[35.225622,31.744401,35.243295,31.796433],"properties":{"FEATURECLA":"Reference line","NAME":null,"COMMENT":"Jerusalem","ADM0_USA":null,"ADM0_LEFT":null,"ADM0_RIGHT":null,"ADM0_A3_L":null,"ADM0_A3_R":null,"SOV_A3_L":null,"SOV_A3_R":null,"LEFT_LABEL":null,"RIGHT_LABE":null,"BRK_A3_L":null,"BRK_A3_R":null,"BRK_NAME_L":null,"BRK_NAME_R":null,"NOTE":null,"SCALERANK":9,"MIN_ZOOM":8,"FCLASS_ISO":null,"FCLASS_US":null,"FCLASS_FR":null,"FCLASS_RU":null,"FCLASS_ES":null,"FCLASS_CN":null,"FCLASS_TW":null,"FCLASS_IN":null,"FCLASS_NP":null,"FCLASS_PK":"Unrecognized","FCLASS_DE":null,"FCLASS_GB":null,"FCLASS_BR":null,"FCLASS_IL":"Unrecognized","FCLASS_PS":null,"FCLASS_SA":"Unrecognized","FCLASS_EG":null,"FCLASS_MA":null,"FCLASS_PT":null,"FCLASS_AR":null,"FCLASS_JP":null,"FCLASS_KO":null,"FCLASS_VN":null,"FCLASS_TR":null,"FCLASS_ID":"Line of control (please verify)","FCLASS_PL":null,"FCLASS_GR":null,"FCLASS_IT":null,"FCLASS_NL":null,"FCLASS_SE":null,"FCLASS_BD":"Unrecognized","BRK_A3":null,"FCLASS_UA":null,"ne_id":1746705881,"FCLASS_OSM":"Unrecognized","FCLASS_TLC":null}},{"type":"LineString","arcs":[283],"bbox":[35.238083,31.784483,35.252133,31.801913],"properties":{"FEATURECLA":"Reference line","NAME":null,"COMMENT":"Jerusalem","ADM0_USA":null,"ADM0_LEFT":null,"ADM0_RIGHT":null,"ADM0_A3_L":null,"ADM0_A3_R":null,"SOV_A3_L":null,"SOV_A3_R":null,"LEFT_LABEL":null,"RIGHT_LABE":null,"BRK_A3_L":null,"BRK_A3_R":null,"BRK_NAME_L":null,"BRK_NAME_R":null,"NOTE":null,"SCALERANK":9,"MIN_ZOOM":8,"FCLASS_ISO":null,"FCLASS_US":null,"FCLASS_FR":null,"FCLASS_RU":null,"FCLASS_ES":null,"FCLASS_CN":null,"FCLASS_TW":null,"FCLASS_IN":null,"FCLASS_NP":null,"FCLASS_PK":"Unrecognized","FCLASS_DE":null,"FCLASS_GB":null,"FCLASS_BR":null,"FCLASS_IL":"Unrecognized","FCLASS_PS":null,"FCLASS_SA":"Unrecognized","FCLASS_EG":null,"FCLASS_MA":null,"FCLASS_PT":null,"FCLASS_AR":null,"FCLASS_JP":null,"FCLASS_KO":null,"FCLASS_VN":null,"FCLASS_TR":null,"FCLASS_ID":"Line of control (please verify)","FCLASS_PL":null,"FCLASS_GR":null,"FCLASS_IT":null,"FCLASS_NL":null,"FCLASS_SE":null,"FCLASS_BD":"Unrecognized","BRK_A3":null,"FCLASS_UA":null,"ne_id":1746705891,"FCLASS_OSM":"Unrecognized","FCLASS_TLC":null}},{"type":"LineString","arcs":[284,285,286,287,288,289],"bbox":[35.149004,31.7341,35.229473,31.809865],"properties":{"FEATURECLA":"Claim boundary","NAME":"Palestinian claim","COMMENT":"Jerusalem Green Line","ADM0_USA":1,"ADM0_LEFT":"Palestine","ADM0_RIGHT":"Israel","ADM0_A3_L":"PSX","ADM0_A3_R":"ISR","SOV_A3_L":"ISR","SOV_A3_R":"ISR","LEFT_LABEL":null,"RIGHT_LABE":null,"BRK_A3_L":null,"BRK_A3_R":null,"BRK_NAME_L":null,"BRK_NAME_R":null,"NOTE":null,"SCALERANK":6,"MIN_ZOOM":6,"FCLASS_ISO":null,"FCLASS_US":null,"FCLASS_FR":null,"FCLASS_RU":null,"FCLASS_ES":null,"FCLASS_CN":null,"FCLASS_TW":null,"FCLASS_IN":null,"FCLASS_NP":null,"FCLASS_PK":"Unrecognized","FCLASS_DE":null,"FCLASS_GB":null,"FCLASS_BR":null,"FCLASS_IL":"Unrecognized","FCLASS_PS":null,"FCLASS_SA":"Unrecognized","FCLASS_EG":null,"FCLASS_MA":null,"FCLASS_PT":null,"FCLASS_AR":null,"FCLASS_JP":null,"FCLASS_KO":null,"FCLASS_VN":null,"FCLASS_TR":null,"FCLASS_ID":"Line of control (please verify)","FCLASS_PL":null,"FCLASS_GR":null,"FCLASS_IT":null,"FCLASS_NL":null,"FCLASS_SE":null,"FCLASS_BD":"Unrecognized","BRK_A3":null,"FCLASS_UA":null,"ne_id":1746705899,"FCLASS_OSM":"Unrecognized","FCLASS_TLC":null}},{"type":"LineString","arcs":[290],"bbox":[34.959074,31.814648,35.112472,31.968636],"properties":{"FEATURECLA":"Claim boundary","NAME":"Palestinian claim","COMMENT":"No Man's Land (Fort Latrun)","ADM0_USA":1,"ADM0_LEFT":"Palestine","ADM0_RIGHT":"Israel","ADM0_A3_L":"PSX","ADM0_A3_R":"ISR","SOV_A3_L":"ISR","SOV_A3_R":"ISR","LEFT_LABEL":null,"RIGHT_LABE":null,"BRK_A3_L":null,"BRK_A3_R":null,"BRK_NAME_L":null,"BRK_NAME_R":null,"NOTE":null,"SCALERANK":6,"MIN_ZOOM":6,"FCLASS_ISO":null,"FCLASS_US":null,"FCLASS_FR":null,"FCLASS_RU":null,"FCLASS_ES":null,"FCLASS_CN":null,"FCLASS_TW":null,"FCLASS_IN":null,"FCLASS_NP":null,"FCLASS_PK":"Unrecognized","FCLASS_DE":null,"FCLASS_GB":null,"FCLASS_BR":null,"FCLASS_IL":"Unrecognized","FCLASS_PS":null,"FCLASS_SA":"Unrecognized","FCLASS_EG":null,"FCLASS_MA":null,"FCLASS_PT":null,"FCLASS_AR":null,"FCLASS_JP":null,"FCLASS_KO":null,"FCLASS_VN":null,"FCLASS_TR":null,"FCLASS_ID":"Line of control (please verify)","FCLASS_PL":null,"FCLASS_GR":null,"FCLASS_IT":null,"FCLASS_NL":null,"FCLASS_SE":null,"FCLASS_BD":"Unrecognized","BRK_A3":null,"FCLASS_UA":null,"ne_id":1746705907,"FCLASS_OSM":"Unrecognized","FCLASS_TLC":null}},{"type":"LineString","arcs":[291],"bbox":[68.132232,23.584396,68.280447,23.842158],"properties":{"FEATURECLA":"Claim boundary","NAME":"Pakistan claim","COMMENT":"Sir Creek","ADM0_USA":-1,"ADM0_LEFT":"India","ADM0_RIGHT":"India","ADM0_A3_L":"IND","ADM0_A3_R":"IND","SOV_A3_L":"IND","SOV_A3_R":"IND","LEFT_LABEL":null,"RIGHT_LABE":null,"BRK_A3_L":null,"BRK_A3_R":null,"BRK_NAME_L":"Sir Creek","BRK_NAME_R":null,"NOTE":"(Admin. by India, Claimed by Pakistan)","SCALERANK":7,"MIN_ZOOM":7,"FCLASS_ISO":"Unrecognized","FCLASS_US":"Unrecognized","FCLASS_FR":"Unrecognized","FCLASS_RU":"Unrecognized","FCLASS_ES":"Unrecognized","FCLASS_CN":"Unrecognized","FCLASS_TW":"Unrecognized","FCLASS_IN":"Unrecognized","FCLASS_NP":null,"FCLASS_PK":"International boundary (verify)","FCLASS_DE":"Unrecognized","FCLASS_GB":"Unrecognized","FCLASS_BR":null,"FCLASS_IL":null,"FCLASS_PS":null,"FCLASS_SA":null,"FCLASS_EG":null,"FCLASS_MA":null,"FCLASS_PT":null,"FCLASS_AR":null,"FCLASS_JP":null,"FCLASS_KO":null,"FCLASS_VN":null,"FCLASS_TR":"International boundary (verify)","FCLASS_ID":null,"FCLASS_PL":null,"FCLASS_GR":null,"FCLASS_IT":null,"FCLASS_NL":null,"FCLASS_SE":null,"FCLASS_BD":null,"BRK_A3":null,"FCLASS_UA":"Unrecognized","ne_id":1746705917,"FCLASS_OSM":"Unrecognized","FCLASS_TLC":"Unrecognized"}},{"type":"LineString","arcs":[292],"bbox":[69.84217,21.001283,71.699743,21.806644],"properties":{"FEATURECLA":"Claim boundary","NAME":"Pakistan claim","COMMENT":null,"ADM0_USA":-1,"ADM0_LEFT":"India","ADM0_RIGHT":"India","ADM0_A3_L":"IND","ADM0_A3_R":"IND","SOV_A3_L":"IND","SOV_A3_R":"IND","LEFT_LABEL":5,"RIGHT_LABE":0,"BRK_A3_L":"C01","BRK_A3_R":null,"BRK_NAME_L":"Junagadh and Manavadar","BRK_NAME_R":null,"NOTE":"(Admin. by India, Claimed by Pakistan)","SCALERANK":6,"MIN_ZOOM":3.7,"FCLASS_ISO":"Unrecognized","FCLASS_US":"Unrecognized","FCLASS_FR":"Unrecognized","FCLASS_RU":"Unrecognized","FCLASS_ES":"Unrecognized","FCLASS_CN":"Unrecognized","FCLASS_TW":"Unrecognized","FCLASS_IN":"Unrecognized","FCLASS_NP":null,"FCLASS_PK":"International boundary (verify)","FCLASS_DE":"Unrecognized","FCLASS_GB":"Unrecognized","FCLASS_BR":null,"FCLASS_IL":null,"FCLASS_PS":null,"FCLASS_SA":null,"FCLASS_EG":null,"FCLASS_MA":null,"FCLASS_PT":null,"FCLASS_AR":null,"FCLASS_JP":null,"FCLASS_KO":null,"FCLASS_VN":null,"FCLASS_TR":"International boundary (verify)","FCLASS_ID":null,"FCLASS_PL":null,"FCLASS_GR":null,"FCLASS_IT":null,"FCLASS_NL":null,"FCLASS_SE":null,"FCLASS_BD":null,"BRK_A3":"C01","FCLASS_UA":"Unrecognized","ne_id":1746705925,"FCLASS_OSM":"Unrecognized","FCLASS_TLC":"Unrecognized"}},{"type":"LineString","arcs":[293],"bbox":[70.352622,21.200348,70.501112,21.359742],"properties":{"FEATURECLA":"Claim boundary","NAME":"Pakistan claim","COMMENT":null,"ADM0_USA":-1,"ADM0_LEFT":"India","ADM0_RIGHT":"India","ADM0_A3_L":"IND","ADM0_A3_R":"IND","SOV_A3_L":"IND","SOV_A3_R":"IND","LEFT_LABEL":5,"RIGHT_LABE":0,"BRK_A3_L":"C01","BRK_A3_R":null,"BRK_NAME_L":"Junagadh and Manavadar","BRK_NAME_R":null,"NOTE":"(Admin. by India, Claimed by Pakistan)","SCALERANK":6,"MIN_ZOOM":3.7,"FCLASS_ISO":"Unrecognized","FCLASS_US":"Unrecognized","FCLASS_FR":"Unrecognized","FCLASS_RU":"Unrecognized","FCLASS_ES":"Unrecognized","FCLASS_CN":"Unrecognized","FCLASS_TW":"Unrecognized","FCLASS_IN":"Unrecognized","FCLASS_NP":null,"FCLASS_PK":"International boundary (verify)","FCLASS_DE":"Unrecognized","FCLASS_GB":"Unrecognized","FCLASS_BR":null,"FCLASS_IL":null,"FCLASS_PS":null,"FCLASS_SA":null,"FCLASS_EG":null,"FCLASS_MA":null,"FCLASS_PT":null,"FCLASS_AR":null,"FCLASS_JP":null,"FCLASS_KO":null,"FCLASS_VN":null,"FCLASS_TR":"International boundary (verify)","FCLASS_ID":null,"FCLASS_PL":null,"FCLASS_GR":null,"FCLASS_IT":null,"FCLASS_NL":null,"FCLASS_SE":null,"FCLASS_BD":null,"BRK_A3":"C01","FCLASS_UA":"Unrecognized","ne_id":1746705935,"FCLASS_OSM":"Unrecognized","FCLASS_TLC":"Unrecognized"}},{"type":"LineString","arcs":[294],"bbox":[70.562174,20.70552,70.902531,21.007142],"properties":{"FEATURECLA":"Claim boundary","NAME":"Pakistan claim","COMMENT":null,"ADM0_USA":-1,"ADM0_LEFT":"India","ADM0_RIGHT":"India","ADM0_A3_L":"IND","ADM0_A3_R":"IND","SOV_A3_L":"IND","SOV_A3_R":"IND","LEFT_LABEL":5,"RIGHT_LABE":0,"BRK_A3_L":"C01","BRK_A3_R":null,"BRK_NAME_L":"Junagadh and Manavadar","BRK_NAME_R":null,"NOTE":"(Admin. by India, Claimed by Pakistan)","SCALERANK":6,"MIN_ZOOM":3.7,"FCLASS_ISO":"Unrecognized","FCLASS_US":"Unrecognized","FCLASS_FR":"Unrecognized","FCLASS_RU":"Unrecognized","FCLASS_ES":"Unrecognized","FCLASS_CN":"Unrecognized","FCLASS_TW":"Unrecognized","FCLASS_IN":"Unrecognized","FCLASS_NP":null,"FCLASS_PK":"International boundary (verify)","FCLASS_DE":"Unrecognized","FCLASS_GB":"Unrecognized","FCLASS_BR":null,"FCLASS_IL":null,"FCLASS_PS":null,"FCLASS_SA":null,"FCLASS_EG":null,"FCLASS_MA":null,"FCLASS_PT":null,"FCLASS_AR":null,"FCLASS_JP":null,"FCLASS_KO":null,"FCLASS_VN":null,"FCLASS_TR":"International boundary (verify)","FCLASS_ID":null,"FCLASS_PL":null,"FCLASS_GR":null,"FCLASS_IT":null,"FCLASS_NL":null,"FCLASS_SE":null,"FCLASS_BD":null,"BRK_A3":"C01","FCLASS_UA":"Unrecognized","ne_id":1746705943,"FCLASS_OSM":"Unrecognized","FCLASS_TLC":"Unrecognized"}},{"type":"LineString","arcs":[295],"bbox":[71.299621,20.849311,71.551117,20.995233],"properties":{"FEATURECLA":"Claim boundary","NAME":"Pakistan claim","COMMENT":null,"ADM0_USA":-1,"ADM0_LEFT":"India","ADM0_RIGHT":"India","ADM0_A3_L":"IND","ADM0_A3_R":"IND","SOV_A3_L":"IND","SOV_A3_R":"IND","LEFT_LABEL":5,"RIGHT_LABE":0,"BRK_A3_L":"C01","BRK_A3_R":null,"BRK_NAME_L":"Junagadh and Manavadar","BRK_NAME_R":null,"NOTE":"(Admin. by India, Claimed by Pakistan)","SCALERANK":6,"MIN_ZOOM":3.7,"FCLASS_ISO":"Unrecognized","FCLASS_US":"Unrecognized","FCLASS_FR":"Unrecognized","FCLASS_RU":"Unrecognized","FCLASS_ES":"Unrecognized","FCLASS_CN":"Unrecognized","FCLASS_TW":"Unrecognized","FCLASS_IN":"Unrecognized","FCLASS_NP":null,"FCLASS_PK":"International boundary (verify)","FCLASS_DE":"Unrecognized","FCLASS_GB":"Unrecognized","FCLASS_BR":null,"FCLASS_IL":null,"FCLASS_PS":null,"FCLASS_SA":null,"FCLASS_EG":null,"FCLASS_MA":null,"FCLASS_PT":null,"FCLASS_AR":null,"FCLASS_JP":null,"FCLASS_KO":null,"FCLASS_VN":null,"FCLASS_TR":"International boundary (verify)","FCLASS_ID":null,"FCLASS_PL":null,"FCLASS_GR":null,"FCLASS_IT":null,"FCLASS_NL":null,"FCLASS_SE":null,"FCLASS_BD":null,"BRK_A3":"C01","FCLASS_UA":"Unrecognized","ne_id":1746705955,"FCLASS_OSM":"Unrecognized","FCLASS_TLC":"Unrecognized"}},{"type":"LineString","arcs":[296,297],"bbox":[38.304885,47.857003,39.055529,48.454682],"properties":{"FEATURECLA":"Breakaway","NAME":"Donbass claim","COMMENT":null,"ADM0_USA":-1,"ADM0_LEFT":"Ukraine","ADM0_RIGHT":"Ukraine","ADM0_A3_L":"UKR","ADM0_A3_R":"UKR","SOV_A3_L":"UKR","SOV_A3_R":"UKR","LEFT_LABEL":5,"RIGHT_LABE":0,"BRK_A3_L":"B90","BRK_A3_R":null,"BRK_NAME_L":"Luhansk","BRK_NAME_R":"Donetsk","NOTE":"(Self admin., Claimed by Ukraine)","SCALERANK":6,"MIN_ZOOM":4,"FCLASS_ISO":"Unrecognized","FCLASS_US":null,"FCLASS_FR":"Unrecognized","FCLASS_RU":"International boundary (verify)","FCLASS_ES":"Unrecognized","FCLASS_CN":"Unrecognized","FCLASS_TW":"Unrecognized","FCLASS_IN":"Unrecognized","FCLASS_NP":"Unrecognized","FCLASS_PK":"Unrecognized","FCLASS_DE":"Unrecognized","FCLASS_GB":"Unrecognized","FCLASS_BR":"Unrecognized","FCLASS_IL":"Unrecognized","FCLASS_PS":"Unrecognized","FCLASS_SA":"Unrecognized","FCLASS_EG":"Unrecognized","FCLASS_MA":"Unrecognized","FCLASS_PT":"Unrecognized","FCLASS_AR":"Unrecognized","FCLASS_JP":"Unrecognized","FCLASS_KO":"Unrecognized","FCLASS_VN":"Unrecognized","FCLASS_TR":"Unrecognized","FCLASS_ID":"Unrecognized","FCLASS_PL":"Unrecognized","FCLASS_GR":"Unrecognized","FCLASS_IT":"Unrecognized","FCLASS_NL":"Unrecognized","FCLASS_SE":"Unrecognized","FCLASS_BD":"Unrecognized","BRK_A3":"B90","FCLASS_UA":"Unrecognized","ne_id":1763286519,"FCLASS_OSM":"Unrecognized","FCLASS_TLC":null}},{"type":"LineString","arcs":[298],"bbox":[38.255732,48.454663,39.63172,48.705613],"properties":{"FEATURECLA":"Breakaway","NAME":"Luhansk claim","COMMENT":null,"ADM0_USA":-1,"ADM0_LEFT":"Ukraine","ADM0_RIGHT":"Ukraine","ADM0_A3_L":"UKR","ADM0_A3_R":"UKR","SOV_A3_L":"UKR","SOV_A3_R":"UKR","LEFT_LABEL":5,"RIGHT_LABE":0,"BRK_A3_L":"C03","BRK_A3_R":null,"BRK_NAME_L":"Ukraine","BRK_NAME_R":"Luhansk","NOTE":"(Self admin., Claimed by Ukraine)","SCALERANK":6,"MIN_ZOOM":4,"FCLASS_ISO":"Unrecognized","FCLASS_US":null,"FCLASS_FR":"Unrecognized","FCLASS_RU":"International boundary (verify)","FCLASS_ES":"Unrecognized","FCLASS_CN":"Unrecognized","FCLASS_TW":"Unrecognized","FCLASS_IN":"Unrecognized","FCLASS_NP":"Unrecognized","FCLASS_PK":"Unrecognized","FCLASS_DE":"Unrecognized","FCLASS_GB":"Unrecognized","FCLASS_BR":"Unrecognized","FCLASS_IL":"Unrecognized","FCLASS_PS":"Unrecognized","FCLASS_SA":"Unrecognized","FCLASS_EG":"Unrecognized","FCLASS_MA":"Unrecognized","FCLASS_PT":"Unrecognized","FCLASS_AR":"Unrecognized","FCLASS_JP":"Unrecognized","FCLASS_KO":"Unrecognized","FCLASS_VN":"Unrecognized","FCLASS_TR":"Unrecognized","FCLASS_ID":"Unrecognized","FCLASS_PL":"Unrecognized","FCLASS_GR":"Unrecognized","FCLASS_IT":"Unrecognized","FCLASS_NL":"Unrecognized","FCLASS_SE":"Unrecognized","FCLASS_BD":"Unrecognized","BRK_A3":"C03","FCLASS_UA":"Unrecognized","ne_id":1763286559,"FCLASS_OSM":"Unrecognized","FCLASS_TLC":null}},{"type":"LineString","arcs":[299],"bbox":[116.509536,4.410102,117.634125,6.532345],"properties":{"FEATURECLA":"Claim boundary","NAME":"Philippine claim","COMMENT":null,"ADM0_USA":null,"ADM0_LEFT":null,"ADM0_RIGHT":null,"ADM0_A3_L":null,"ADM0_A3_R":null,"SOV_A3_L":null,"SOV_A3_R":null,"LEFT_LABEL":null,"RIGHT_LABE":null,"BRK_A3_L":null,"BRK_A3_R":null,"BRK_NAME_L":null,"BRK_NAME_R":null,"NOTE":"(Admin. by Malaysia, Claimed by Phil.)","SCALERANK":6,"MIN_ZOOM":4,"FCLASS_ISO":"Unrecognized","FCLASS_US":"Unrecognized","FCLASS_FR":"Unrecognized","FCLASS_RU":"Unrecognized","FCLASS_ES":"Unrecognized","FCLASS_CN":"Unrecognized","FCLASS_TW":"Unrecognized","FCLASS_IN":"Unrecognized","FCLASS_NP":"Unrecognized","FCLASS_PK":"Unrecognized","FCLASS_DE":"Unrecognized","FCLASS_GB":"Unrecognized","FCLASS_BR":"Unrecognized","FCLASS_IL":"Unrecognized","FCLASS_PS":"Unrecognized","FCLASS_SA":"Unrecognized","FCLASS_EG":"Unrecognized","FCLASS_MA":"Unrecognized","FCLASS_PT":"Unrecognized","FCLASS_AR":"Unrecognized","FCLASS_JP":"Unrecognized","FCLASS_KO":"Unrecognized","FCLASS_VN":"Unrecognized","FCLASS_TR":"Unrecognized","FCLASS_ID":"Unrecognized","FCLASS_PL":"Unrecognized","FCLASS_GR":"Unrecognized","FCLASS_IT":"Unrecognized","FCLASS_NL":"Unrecognized","FCLASS_SE":"Unrecognized","FCLASS_BD":"Unrecognized","BRK_A3":"C04","FCLASS_UA":"Unrecognized","ne_id":1763511007,"FCLASS_OSM":"Unrecognized","FCLASS_TLC":"Unrecognized"}}],"bbox":[-89.1931396713585,-31.0426693619847,149.35933537,48.7056134125738]}},"arcs":[[[149.35933500000002,45.18309615889159],[149.30446738207382,45.256465312023124],[149.23528647251473,45.346581771847724],[149.18518995179952,45.41277350782508],[149.15894891713918,45.48215520698207],[149.13986452829528,45.564296758857594],[149.11839459084592,45.654413218682194],[149.104081299213,45.71342753750538],[149.06352697291973,45.82268377640777],[149.03728593825937,45.896052929539294],[149.0182015494155,45.951877285182846],[149.0015027091771,45.9965367696977],[148.95856283427835,46.06751345044451],[148.9156229593796,46.14008511278112],[148.8965385705357,46.170389762987625]],[[47.18151712982129,39.853465176521766],[47.19105932424324,39.86144008447084],[47.19583042145422,39.87180746480465],[47.20298706727067,39.873402446394465],[47.233999199142005,39.86861750162501],[47.233999199142005,39.854262667316675],[47.24354139356393,39.84708525016251],[47.25785468519686,39.84230030539305],[47.25785468519686,39.841502814598144],[47.30556565730657,39.822363035520354],[47.319878948939504,39.81359063677637],[47.31033675451755,39.79524834849349],[47.31033675451755,39.79445085769858],[47.300794560095596,39.778501041800425],[47.293637914279145,39.77291860623606],[47.27693907404074,39.76733617067171],[47.25785468519686,39.764943698286984],[47.233999199142005,39.75537380874809]],[[46.728262894778936,40.41250622375223],[46.74019063780639,40.41250622375223],[46.75211838083382,40.41569618693187],[46.761660575255746,40.41489869613696],[46.787901609916105,40.41968364090641],[46.79744380433806,40.418088659316595],[46.80937154736549,40.40931626057261],[46.81652819318194,40.40293633421334],[46.83322703342034,40.38379655513555],[46.84276922784227,40.379011610366106],[46.854696970869696,40.379809101161015],[46.88332355413553,40.38778400911009],[46.89286574855748,40.384594045930456],[46.900022394373934,40.37741662877629],[46.907179040190414,40.35907434049341],[46.907179040190414,40.35030194174942],[46.921492331823316,40.33993456141562],[46.93580562345625,40.33913707062071],[46.947733366483675,40.334352125851254],[46.9429622692727,40.32478223631236],[46.91195013740136,40.315212346773464],[46.90479349158491,40.310427402004024],[46.90479349158491,40.30484496643966]],[[88.98348534375344,27.492357855448557],[88.9906419895699,27.491560364653647],[88.99779863538635,27.497940291012913],[89.00972637841377,27.49953527260273],[89.01926857283573,27.507510180551808],[89.03596741307413,27.509105162141626],[89.05266625331254,27.516282579295794],[89.06459399633997,27.512295125321256],[89.09083503100032,27.52345999644997],[89.10276277402775,27.52186501486015],[89.1075338712387,27.533029885988864],[89.11230496844968,27.54180228473285],[89.12184716287163,27.543397266322668],[89.13138935729359,27.545789738707388],[89.13854600311004,27.55376464665647],[89.15047374613746,27.55775210063101],[89.16001594055942,27.57290442573426],[89.16001594055942,27.583271806068066],[89.15047374613746,27.587259260042604],[89.14808819753199,27.597626640376408],[89.13377490589906,27.610386493094932],[89.1242327114771,27.61517143786438]],[[28.51698484049841,48.12025475653756],[28.538454777947777,48.12025475653756],[28.555153618186182,48.11546981176812],[28.583780201452015,48.10191246825468],[28.61002123611236,48.09553254189542],[28.619563430534313,48.094735051100514],[28.629105624956253,48.09154508792088],[28.63387672216723,48.08436767076671],[28.63149117356174,48.07081032725327],[28.626720076350765,48.06283541930419]],[[28.500286000260004,48.113077339383395],[28.51698484049841,48.12025475653756]],[[28.626720076350765,48.06283541930419],[28.619563430534313,48.0636329100991],[28.60763568750687,48.06682287327874]],[[28.60763568750687,48.06682287327874],[28.59809349308493,48.06682287327874],[28.59093684726848,48.06283541930419],[28.562310264002647,48.04050567704677],[28.543225875158754,48.02854331512316],[28.533683680736814,48.01977091637916],[28.528912583525837,48.009403536045355],[28.538454777947777,47.9934537201472]],[[28.63149117356174,48.0333282598926],[28.636262270772704,48.03013829671296],[28.64341891658917,48.022960879558795],[28.65296111101111,48.018973425584264]],[[28.538454777947777,47.9934537201472],[28.55992471539716,47.998238664916656],[28.61002123611236,48.02934080591805],[28.619563430534313,48.03253076909769],[28.63149117356174,48.0333282598926]],[[28.681587694276942,48.03093578750787],[28.698286534515347,48.022163388763886],[28.719756471964715,47.999036155711565],[28.753154152441525,47.979098885838866]],[[28.65296111101111,48.018973425584264],[28.681587694276942,48.03093578750787]],[[28.784166284312846,47.98228884901849],[28.81279286757868,47.964744051530516],[28.829491707817084,47.94081932768327],[28.829491707817084,47.91689460383604],[28.841419450844512,47.91051467747677],[28.86050383968839,47.89934980634807],[28.941612492274928,47.8833999904499],[28.9797812699627,47.875425082500826],[29.017950047650473,47.8530953402434],[29.017950047650473,47.82677814401144],[28.9797812699627,47.76537135280353],[28.975010172751723,47.7430416105461],[28.9797812699627,47.68721725490255],[28.98932346438464,47.66090005867059],[28.99170901299013,47.65611511390114],[28.996480110201105,47.65053267833679],[28.994094561595617,47.638570316413166],[28.98932346438464,47.62660795448954],[28.986937915779166,47.6218230097201],[28.994094561595617,47.60427821223212],[29.015564499045,47.581948469974705],[29.02033559625596,47.57078359884599],[29.02272114486145,47.550048838178384],[29.025106693466938,47.53250404069041],[29.034648887888878,47.51814920638206],[29.048962179521794,47.50618684445844],[29.091902054420544,47.48704706538065],[29.094287603026032,47.48704706538065],[29.103829797447972,47.478274666636665],[29.10860089465895,47.46950226789268],[29.110986443264437,47.46391983232833],[29.10860089465895,47.453552451994526],[29.091902054420544,47.43680514530145],[29.082359859998604,47.406500495094946],[29.10621534605346,47.39055067919679],[29.13961302653027,47.37539835409355],[29.165854061190615,47.34748617627176],[29.153926318163187,47.33632130514306],[29.13961302653027,47.32914388798888],[29.122914186291865,47.32914388798888]],[[28.753154152441525,47.979098885838866],[28.784166284312846,47.98228884901849]],[[29.122914186291865,47.32914388798888],[29.089516505815055,47.3514736302463]],[[29.089516505815055,47.3514736302463],[29.079974311393116,47.34748617627176],[29.079974311393116,47.332333851168514],[29.094287603026032,47.31000410891109],[29.125299734897354,47.274117023140235],[29.163468512585126,47.2310525202152],[29.163468512585126,47.23025502942029],[29.18016735282353,47.19676041603417],[29.163468512585126,47.19197547126471],[29.144384123741233,47.16246831185312],[29.113371991869926,47.14970845913459],[29.094287603026032,47.13455613403134],[29.079974311393116,47.11621384574846],[29.070432116971176,47.1010615206452],[29.084745408604093,47.09866904826049],[29.09905870023701,47.09228912190122],[29.11814308908089,47.07793428759288],[29.125299734897354,47.073946833618336]],[[29.2016372902729,47.16246831185312],[29.21356503330034,47.15768336708368],[29.220721679116792,47.14891096833968]],[[29.18016735282353,47.109036428594294],[29.18970954724547,47.11142890097901],[29.194480644456448,47.12339126290263],[29.187323998639982,47.13455613403134],[29.18016735282353,47.144923514365146],[29.18016735282353,47.15608838549386],[29.187323998639982,47.16246831185312],[29.2016372902729,47.16246831185312]],[[29.237420519355197,47.16246831185312],[29.249348262382625,47.15848085787859],[29.263661554015542,47.14811347754478],[29.27797484564846,47.14253104198042],[29.289902588675886,47.14013856959569],[29.292288137281375,47.14013856959569],[29.292288137281375,47.128176207672084],[29.294673685886863,47.12179628131281],[29.299444783097826,47.12020129972299],[29.304215880308803,47.11621384574846],[29.330456914969147,47.108238937799385],[29.363854595445957,47.08431421395214],[29.37101124126241,47.07873177838779],[29.378167887078874,47.0707568704387],[29.38293898428985,47.041249711027106],[29.380553435684362,47.02848985830859]],[[29.220721679116792,47.14891096833968],[29.227878324933258,47.14891096833968],[29.237420519355197,47.16246831185312]],[[29.156311866768675,47.113023882568825],[29.168239609796103,47.112226391773916],[29.18016735282353,47.109036428594294]],[[29.125299734897354,47.073946833618336],[29.130070832108316,47.08192174156741],[29.14915522095221,47.09627657587576],[29.156311866768675,47.113023882568825]],[[29.380553435684362,47.02848985830859],[29.380553435684362,47.0292873491035],[29.37101124126241,47.03327480307803]],[[29.37101124126241,47.03327480307803],[29.363854595445957,47.03327480307803],[29.368625692656934,47.018122477974785],[29.373396789867897,47.01174255161551],[29.373396789867897,47.0109450608206]],[[29.378167887078874,47.01254004241042],[29.373396789867897,47.003767643666436],[29.37101124126241,47.00217266207662]],[[29.373396789867897,47.0109450608206],[29.378167887078874,47.01254004241042]],[[29.37101124126241,47.00217266207662],[29.366240144051446,47.00297015287153]],[[29.366240144051446,47.00297015287153],[29.342384657996575,46.99180528174281],[29.325685817758185,46.98781782776828],[29.30898697751978,46.98781782776828]],[[29.30898697751978,46.98781782776828],[29.294673685886863,46.99180528174281]],[[29.294673685886863,46.99180528174281],[29.304215880308803,46.97505797504975],[29.31614362333623,46.95831066835669],[29.332842463574636,46.94555081563816],[29.335228012180124,46.94395583404834],[29.34954130381304,46.93677841689417],[29.375782338473385,46.93518343530435]],[[29.43542105361054,46.95751317756178],[29.459276539665396,46.952728232792325],[29.461662088270884,46.951133251202506],[29.471204282692824,46.94156336166361],[29.473589831298312,46.92322107338073],[29.473589831298312,46.8992963495335],[29.4759753799038,46.889726459994606],[29.495059768747694,46.861814282172816],[29.495059768747694,46.82831966878669],[29.502216414564145,46.820344760837614],[29.49744531735317,46.801204981759824],[29.511758608986085,46.786850147451474],[29.53084299782998,46.78286269347693]],[[29.375782338473385,46.93518343530435],[29.397252275922767,46.94236085245852],[29.416336664766646,46.951930741997415],[29.43542105361054,46.95751317756178]],[[29.61433719902199,46.84028203071031],[29.619108296232966,46.837889558325585],[29.619108296232966,46.83150963196633],[29.616722747627477,46.82672468719687],[29.6119516504165,46.82672468719687],[29.61433719902199,46.823534724017236],[29.616722747627477,46.818749779247796],[29.621493844838454,46.81476232527325],[29.628650490654906,46.81316734368343]],[[29.5618551297013,46.786850147451474],[29.576168421334216,46.80279996334963],[29.590481712967133,46.823534724017236],[29.600023907389073,46.83469959514595],[29.609566101811026,46.839484539915404],[29.61433719902199,46.84028203071031]],[[29.6477348794988,46.81476232527325],[29.65250597670976,46.81316734368343],[29.664433719737204,46.801204981759824],[29.67874701137012,46.76372291439914],[29.69067475439755,46.748570589295895],[29.697831400214,46.72783582862829],[29.69067475439755,46.70710106796068],[29.666819268342678,46.67599892695927]],[[29.628650490654906,46.81316734368343],[29.6477348794988,46.81476232527325]],[[29.549927386673872,46.79323007381073],[29.5618551297013,46.786850147451474]],[[29.53084299782998,46.78286269347693],[29.533228546435467,46.78366018427184],[29.542770740857407,46.79323007381073],[29.549927386673872,46.79323007381073]],[[29.68590365718657,46.676796417754176],[29.69544585160851,46.67599892695927],[29.700216948819488,46.672808963779644],[29.702602497424976,46.66483405583055]],[[29.666819268342678,46.67599892695927],[29.68590365718657,46.676796417754176]],[[29.72884353208532,46.66961900060001],[29.750313469534703,46.66563154662546],[29.759855663956643,46.658454129471295],[29.776554504195047,46.6289469700597],[29.76224121256213,46.62416202529026],[29.747927920929214,46.61698460813608],[29.736000177901786,46.607414718597184],[29.72884353208532,46.59465486587867],[29.72884353208532,46.59385737508376],[29.743156823718238,46.59305988428885],[29.776554504195047,46.58030003157032]],[[29.702602497424976,46.66483405583055],[29.712144691846916,46.66483405583055],[29.72168688626887,46.66802401901019],[29.72884353208532,46.66961900060001]],[[29.82426547630476,46.601034792237925],[29.831422122121225,46.588274939519394],[29.840964316543165,46.582692503955045],[29.840964316543165,46.581895013160135],[29.852892059570593,46.58030003157032],[29.86720535120351,46.58030003157032],[29.871976448414486,46.57631257759577],[29.89106083725838,46.55797028931289],[29.89821748307483,46.55318534454345]],[[29.776554504195047,46.58030003157032],[29.786096698616987,46.582692503955045],[29.82426547630476,46.601034792237925]],[[41.551622420874196,42.40623321102211],[41.55639351808517,42.40782819261193],[41.58024900414003,42.416600591355916],[41.592176747167485,42.42058804533045],[41.630345524855244,42.43813284281843],[41.651815462304626,42.45886760348604],[41.663743205332054,42.47162745620456],[41.71622527465274,42.485184799718],[41.723381920469194,42.48677978130782],[41.804490573055745,42.52186937628376],[41.883213677036764,42.58008620431204],[41.89991251727517,42.596833511005116],[41.92138245472455,42.60959336372363],[41.938081294962956,42.61836576246762],[41.94762348938488,42.635910559955605],[41.94523794077941,42.655050339033394],[41.94046684356843,42.678975062880625],[41.9118402603026,42.71486214865149],[41.90706916309162,42.73878687249872],[41.90945471169712,42.7571291607816],[41.90945471169712,42.76510406873069],[41.89991251727517,42.81056104404044],[41.890370322853244,42.820130933579335],[41.89275587145872,42.83049831391314],[41.90229806588067,42.839270712657125],[41.916611357513574,42.84485314822149],[41.930924649146505,42.86080296411964],[41.92615355193553,42.88233521558216],[41.91899690611908,42.89828503148031],[41.916611357513574,42.89988001307013],[41.9118402603026,42.926994700097],[41.90229806588067,42.947729460764606],[41.88559922564227,42.96447676745767],[41.89991251727517,42.97962909256093],[41.90706916309162,42.987604000510004],[41.94523794077941,42.99318643607437],[42.00487665591655,43.000363853228535],[42.057358725237265,43.0171111599216],[42.076443114081144,43.039440902179024],[42.100298600136,43.05937817205172],[42.11938298897988,43.08330289589895],[42.12892518340183,43.10324016577165],[42.13369628061281,43.11121507372074],[42.13369628061281,43.13912725154252],[42.12892518340183,43.1678369201592],[42.14085292642926,43.19415411639116],[42.15516621806219,43.217281349443496]],[[43.78211036700367,42.75314170680707],[43.78211036700367,42.745166798857994],[43.77495372118722,42.71486214865149],[43.753483783737835,42.69013993400934],[43.7081583602336,42.69013993400934],[43.68907397138972,42.654252848238485],[43.634206353463526,42.64468295869959],[43.59842312438124,42.60480841895419],[43.560254346693455,42.584073658286584],[43.56502544390443,42.55456649887499],[43.58410983274834,42.52984428423284],[43.58410983274834,42.50033712482124],[43.56502544390443,42.449297713947146],[43.56979654111541,42.41979055453555],[43.567410992509934,42.40065077545775],[43.56502544390443,42.379916014790155],[43.59842312438124,42.355193800148],[43.574567638326386,42.32967409471095],[43.58410983274834,42.309736824838254],[43.65329074230743,42.289799554965555],[43.63659190206903,42.26826730350304],[43.62943525625258,42.25949490475905],[43.61273641601417,42.24593756124561],[43.593652027170265,42.22998774534746],[43.58888092995929,42.21005047547476],[43.59842312438124,42.18931571480715],[43.59842312438124,42.17017593572936],[43.60319422159222,42.166188481754816],[43.61989306183062,42.14944117506175],[43.61989306183062,42.1247189604196],[43.660447388123885,42.09999674577746],[43.693845068600695,42.08005947590476]],[[44.26399118531185,42.58008620431204],[44.24490679646797,42.60480841895419],[44.22343685901859,42.62793565200653],[44.21150911599116,42.639898013930136]],[[44.40950965024649,42.43015793486934],[44.38326861558616,42.43972782440825],[44.35464203232033,42.454880149511496],[44.378497518375184,42.47003247461474],[44.39519635861359,42.479602364153635],[44.37372642116421,42.50033712482124],[44.36418422674228,42.5250593394634],[44.333172094870946,42.54021166456664],[44.31408770602707,42.56014893443934],[44.299774414394136,42.584073658286584]],[[44.299774414394136,42.584073658286584],[44.27830447694478,42.584073658286584],[44.26399118531185,42.58008620431204]],[[44.57411250402504,42.34961136458365],[44.54310037215373,42.36954863445635],[44.5144737888879,42.37433357922579],[44.48346165701656,42.3950683398934],[44.45483507375073,42.4349428796388],[44.433365136301376,42.43972782440825]],[[44.433365136301376,42.43972782440825],[44.40950965024649,42.43015793486934]],[[44.46437726817268,41.98994301608016],[44.49777494864949,41.99632294243942],[44.5144737888879,42.000310396413965],[44.538329274942754,42.020247666286664],[44.55502811518116,42.039387445364454],[44.58365469844699,42.06969209557096],[44.597967990079894,42.0944143102131],[44.58842579565797,42.114351580085795],[44.60989573310732,42.129503905189054],[44.64329341358413,42.13987128552286],[44.638522316373155,42.1749608804988],[44.64806451079511,42.19410065957659],[44.64329341358413,42.205265530705304],[44.64329341358413,42.224405309783094],[44.619437927529276,42.26427984952849],[44.597967990079894,42.28022966542666],[44.605124635896374,42.294584499734995],[44.619437927529276,42.309736824838254],[44.62898012195123,42.32967409471095],[44.59319689286892,42.34961136458365]],[[44.59319689286892,42.34961136458365],[44.57411250402504,42.34961136458365]],[[44.058834005240044,42.18931571480715],[44.09461723432236,42.17017593572936],[44.113701623166236,42.14545372108721],[44.13755710922109,42.09999674577746],[44.14948485224852,42.08005947590476],[44.159027046670474,42.0649071508015],[44.159027046670474,42.0545397704677]],[[43.94909876938769,42.14545372108721],[43.980110901259025,42.14545372108721],[44.039749616396165,42.180543316063165],[44.058834005240044,42.18931571480715]],[[43.913315540305405,42.15422611983119],[43.94909876938769,42.14545372108721]],[[43.899002248672474,42.09999674577746],[43.91808663751638,42.14545372108721],[43.913315540305405,42.15422611983119]],[[43.7081583602336,42.114351580085795],[43.78449591560917,42.110364126111264],[43.78449591560917,42.08005947590476],[43.80835140166403,42.0545397704677]],[[43.693845068600695,42.08005947590476],[43.7081583602336,42.089629365443656],[43.7081583602336,42.114351580085795]],[[43.853676825168264,42.10557918134181],[43.899002248672474,42.09999674577746]],[[43.80835140166403,42.0545397704677],[43.82982133911338,42.0545397704677],[43.86321901959019,42.08005947590476],[43.853676825168264,42.10557918134181]],[[44.20435247017471,42.09999674577746],[44.2544489908899,42.0744770403404],[44.266376733917355,42.06889460477605],[44.28307557415573,42.06012220603206],[44.292617768577685,42.04975482569826],[44.292617768577685,42.00988028595286],[44.306931060210616,42.006690322773224],[44.333172094870946,42.000310396413965],[44.36418422674228,41.98994301608016]],[[44.159027046670474,42.0545397704677],[44.17811143551435,42.0649071508015],[44.18288253272533,42.089629365443656],[44.20435247017471,42.09999674577746]],[[44.445292879328804,42.00988028595286],[44.46437726817268,41.98994301608016]],[[44.36418422674228,41.98994301608016],[44.399967455824566,41.994727960849616],[44.42382294187942,42.00988028595286],[44.445292879328804,42.00988028595286]],[[-57.5965487203372,3.36746381868819],[-57.5965487203372,3.366666327893281],[-57.60131981754817,3.346729058020582],[-57.594163171731715,3.325994297352974],[-57.60131981754817,3.294892156351569],[-57.60131981754817,3.276549868068681],[-57.598934268942685,3.266979978529786],[-57.60847646336463,3.2486376902469054],[-57.62278975499755,3.232687874348745],[-57.62517530360304,3.225510457194577],[-57.62040420639207,3.1864334082440813],[-57.62040420639207,3.172876064730648],[-57.60609091475915,3.132204034190341],[-57.594163171731715,3.1178491998819986],[-57.589392074520745,3.102696874778747],[-57.589392074520745,3.0779746601366007],[-57.57030768567685,3.061227353443538],[-57.548837748227484,3.038100120391203],[-57.513054519145186,3.0125804149541544],[-57.49158458169582,2.9910481634916373],[-57.48681348448484,2.975895838388386],[-57.472500192851925,2.9631359856698616],[-57.467729095640955,2.958351040900414],[-57.47011464424644,2.938413771027715],[-57.4772712900629,2.9304388630786313],[-57.47965683866839,2.9120965747957506],[-57.49397013030131,2.895349268102681],[-57.49635567890679,2.8905643233332334],[-57.49397013030131,2.884184396973975]],[[-57.44864470679707,2.884981887768877],[-57.43433141516415,2.8698295626656254],[-57.43910251237512,2.842714875638759],[-57.424789220742205,2.80603029907299],[-57.422403672136724,2.794067937149375],[-57.422403672136724,2.774130667276676],[-57.45818690121901,2.7390410723007257],[-57.472500192851925,2.723888747197474],[-57.47965683866839,2.720698784017845],[-57.48919903309033,2.7191038024280267]],[[-57.49397013030131,2.884184396973975],[-57.44864470679707,2.884981887768877]],[[-57.48919903309033,2.7191038024280267],[-57.53929555380554,2.719901293222936]],[[-57.53929555380554,2.719901293222936],[-57.553608845438454,2.7087364220942227],[-57.56553658846589,2.6935840969909712],[-57.591777623126234,2.6680643915539157]],[[-57.591777623126234,2.6680643915539157],[-57.61801865778658,2.6856091890418945],[-57.641874143841434,2.6935840969909712]],[[-57.641874143841434,2.6935840969909712],[-57.64664524105241,2.689596643016433],[-57.63948859523595,2.6568995204252026],[-57.629946400814006,2.6417471953219582],[-57.63948859523595,2.629784833398336],[-57.67050072710727,2.62101243465435],[-57.71105505340053,2.62101243465435],[-57.72775389363893,2.590707784447847],[-57.7349105394554,2.589910293652938]],[[-57.7349105394554,2.589910293652938],[-57.77069376853768,2.5931002568325674]],[[-57.77069376853768,2.5931002568325674],[-57.78262151156511,2.586720330473309],[-57.79216370598706,2.56678306060061],[-57.7850070601706,2.538073391983925],[-57.77307931714317,2.517338631316317],[-57.78262151156511,2.4997938338283383],[-57.79216370598706,2.4678942020320243],[-57.78262151156511,2.4479569321593253],[-57.79216370598706,2.434399588645885]],[[-57.79216370598706,2.434399588645885],[-57.811248094830944,2.4495519137491364],[-57.85180242112421,2.4511468953389546]],[[-57.85180242112421,2.4511468953389546],[-57.85895906694067,2.42482969910699],[-57.916212233472336,2.3993099936699416],[-57.928139976499764,2.375385269822697],[-57.90189894183942,2.3594354539245437]],[[-57.85418796972969,2.3865501409514103],[-57.849416872518724,2.3658153802838022],[-57.86611571275713,2.353853018360187],[-57.89712784462844,2.3171684417944185],[-57.90667003905039,2.2860663007930064],[-57.88997119881199,2.271711466484664],[-57.89712784462844,2.2653315401254055],[-57.92336887928879,2.26134408615086],[-57.925754427894276,2.241406816278168],[-57.93291107371074,2.219874564815651],[-57.916212233472336,2.190367405404057],[-57.928139976499764,2.1552778104281067],[-57.90905558765587,2.1425179577095754],[-57.90905558765587,2.1305555957859603],[-57.92336887928879,2.125770651016513],[-57.920983330683306,2.0803136757067584],[-57.90667003905039,2.046021571525717],[-57.92336887928879,2.026084301653018],[-57.94245326813268,2.023691829268298],[-57.937682170921704,2.00295706860069],[-57.90667003905039,1.9957796514465151],[-57.89951339323393,1.9598925656756556],[-57.90189894183942,1.9208155167251668],[-57.894742296022955,1.8785485045950487],[-57.90428449044491,1.8378764740547417],[-57.916212233472336,1.7948119711297146],[-57.963923205582056,1.7812546276162813]],[[-57.90189894183942,2.3594354539245437],[-57.8708868099681,2.3761827606176062],[-57.85418796972969,2.3865501409514103]],[[-58.02117637211372,1.7740772104621065],[-58.02833301793018,1.7756721920519247],[-58.06173069840698,1.7932169895398964],[-58.095128378883786,1.799596915899162],[-58.12136941354413,1.8123567686176862]],[[-58.12136941354413,1.8123567686176862],[-58.130911607966084,1.8123567686176862],[-58.15476709402094,1.7948119711297146],[-58.181008128681285,1.7772671736417358]],[[-58.181008128681285,1.7772671736417358],[-58.214405809158094,1.7860395723857287]],[[-58.214405809158094,1.7860395723857287],[-58.221562454974546,1.7812546276162813],[-58.22633355218552,1.7501524866148692],[-58.22871910079101,1.707885474484744],[-58.24303239242393,1.6943281309713107],[-58.254960135451356,1.6847582414324158],[-58.2812011701117,1.666415953149535],[-58.30982775337753,1.6608335175851785],[-58.32891214222143,1.6520611188411927],[-58.345610982459824,1.6289338857888573],[-58.35753872548726,1.6209589778397806],[-58.386165308753085,1.593844290812907],[-58.41717744062441,1.573907020940208],[-58.429105183651835,1.5611471682216838],[-58.43149073225732,1.5300450272202717],[-58.426719635046354,1.501335358603587],[-58.426719635046354,1.4694357268072729]],[[-57.963923205582056,1.7812546276162813],[-57.99254978884789,1.7820521184111833]],[[-57.99254978884789,1.7820521184111833],[-58.02117637211372,1.7740772104621065]],[[-54.082635624456245,3.1975982793727944],[-54.080250075850756,3.236675328323283],[-54.08502117306173,3.2518276534265347],[-54.08502117306173,3.2909047023770235],[-54.080250075850756,3.3092469906599113]],[[-54.01584026350263,3.030922703237035],[-53.996755874658746,3.0652148074180765],[-54.01106916629166,3.091532003650041],[-54.003912520475204,3.11146927352274],[-54.01584026350263,3.1258241078310824],[-54.044466846768465,3.1266215986259915],[-54.0730934300343,3.1457613777037814],[-54.082635624456245,3.161711193601935],[-54.04685239537395,3.1856359174491793],[-54.05878013840138,3.202383224142242]],[[-54.05878013840138,3.202383224142242],[-54.082635624456245,3.1975982793727944]],[[-54.02776800653007,3.0325176848268534],[-54.01584026350263,3.030922703237035]],[[-54.11126220772208,2.1146057798877997],[-54.123189950749506,2.1409229761197643],[-54.14704543680437,2.1656451907619108],[-54.13988879098791,2.188772423814239],[-54.09694891608916,2.2015322765327703],[-54.130346596565964,2.2238620187901894],[-54.15181653401534,2.229444454354546],[-54.166129825648255,2.250179215022154],[-54.15420208262083,2.2677240125101257],[-54.161358728437285,2.291648736357363],[-54.15658763122631,2.3179659325893276],[-54.13988879098791,2.3275358221282225],[-54.12080440214402,2.353853018360187],[-54.087406721667215,2.406487410824109],[-54.06832233282333,2.42482969910699],[-54.042081298162984,2.4910214350843525],[-54.03253910374104,2.5045787785977858],[-54.03015355513555,2.5237185576755756],[-54.02061136071361,2.5324909564195686],[-54.02299690931909,2.5643905882158826],[-54.008683617686174,2.5851253488834907],[-53.99437032605326,2.600277673986742],[-54.008683617686174,2.6457346492964966],[-53.999141423264234,2.6648744283742865],[-53.996755874658746,2.692786606196062],[-54.01106916629166,2.7087364220942227],[-54.003912520475204,2.720698784017845],[-54.008683617686174,2.7294711827618308],[-54.003912520475204,2.752598415814159],[-54.01345471489715,2.771738194891949],[-54.01584026350263,2.782105575225753],[-54.003912520475204,2.8116127346373467],[-53.98959922884229,2.8291575321253255],[-53.97290038860388,2.834739967689682],[-53.98005703442034,2.876209489024891],[-53.999141423264234,2.8929567957179607],[-54.003912520475204,2.919273991949918],[-54.003912520475204,2.959148531695316],[-53.991984777447776,2.9735033660036585],[-53.991984777447776,2.999023071440714],[-53.99437032605326,3.0046055070050706],[-54.01822581210812,3.019757832108322],[-54.02776800653007,3.0325176848268534]],[[78.84967486764867,31.290806511595118],[78.8616026106761,31.280439131261314],[78.89738583975839,31.230197211182112],[78.92601242302422,31.189525180641812],[78.93555461744617,31.148853150101505],[78.9474823604736,31.12014348148482],[78.95225345768458,31.10738362876629],[79.03097656166563,31.089838831278318]],[[79.14548289472896,31.10419366558666],[79.23851929034291,31.074686506175066]],[[79.03097656166563,31.089838831278318],[79.14548289472896,31.10419366558666]],[[79.23851929034291,31.074686506175066],[79.38165220667207,31.078673960149604]],[[79.91840064290642,30.880896243012433],[79.94464167756678,30.83065432293323],[80.00189484409844,30.799552181931826],[80.0090514899149,30.75967764218643],[80.0090514899149,30.689498452234528],[80.07584685086852,30.678333581105814],[80.12355782297823,30.6368640597706],[80.15218440624406,30.5961920292303],[80.1808109895099,30.55950745266453]],[[78.46798709077092,32.22626321402214],[78.38210734097342,32.18240122030221],[78.44174605611056,32.122589410684114]],[[78.4703726393764,32.140931698966995],[78.53239690311904,32.05958763788638],[78.6039633612836,32.00934571780718],[78.68268646526465,31.951128889778904],[78.71369859713596,31.883342172211723]],[[78.44174605611056,32.122589410684114],[78.4703726393764,32.140931698966995]],[[75.98224544385445,36.44578700988009],[76.14923384623847,36.42425475841759],[76.23988469324692,36.31978346428464]],[[76.31860779722797,36.330150844618444],[76.38778870678706,36.309416083950836],[76.42834303308032,36.239236893998935],[76.46889735937359,36.220097114921145],[76.56909040080401,36.19058995550955]],[[76.23988469324692,36.31978346428464],[76.31860779722797,36.330150844618444]],[[76.66928344223442,36.19058995550955],[76.71937996294963,36.16028530530305],[76.75754874063742,36.11004338522385],[76.77901867808677,36.03986419527196],[76.77901867808677,35.90987319570196],[76.83865739322394,35.85963127562276],[76.93885043465434,35.83969400575006],[77.00803134421344,35.81975673587736],[77.0676700593506,35.779882196131965],[77.08913999679996,35.74000765638657],[77.12969432309322,35.73043776684767],[77.20841742707427,35.709703006180064]],[[76.56909040080401,36.19058995550955],[76.66928344223442,36.19058995550955]],[[77.34916479479796,35.72007038651387],[77.42073125296253,35.64032130702307]],[[77.20841742707427,35.709703006180064],[77.3086104685047,35.72007038651387],[77.34916479479796,35.72007038651387]],[[77.46844222507227,35.651486178151785],[77.50899655136553,35.580509497404975],[77.51853874578745,35.484810602016026],[77.51853874578745,35.477633184861844]],[[77.42073125296253,35.64032130702307],[77.46844222507227,35.651486178151785]],[[35.61160639321393,4.619524366693671],[34.86254413109131,4.619524366693671],[34.76712218687187,4.62032185748858],[34.38066331278313,4.62032185748858]],[[35.70702833743337,4.619524366693671],[35.61160639321393,4.619524366693671]],[[95.98745604946049,28.163047613966146],[95.9349739801398,28.186174847018474],[95.88249191081911,28.221264441994425],[95.86579307058071,28.25077160140602],[95.84193758452585,28.262733963329634]],[[95.84193758452585,28.262733963329634],[95.78945551520516,28.256354036970375],[95.64870814748147,28.203719644506446],[95.48410529370292,28.13992038091381],[95.37437005785057,28.110413221502217],[95.2861047594476,28.075323626526266],[95.27417701642017,28.034651595985967],[95.27417701642017,27.987599639086394],[95.25747817618176,27.94054768218683],[95.23362269012691,27.905458087210878],[95.15251403754039,27.870368492234928],[95.08094757937579,27.835278897258977],[95.00461002400024,27.800189302283027],[94.94735685746858,27.782644504795048],[94.89726033675336,27.745959928229286],[94.88294704512046,27.735592547895482],[94.8256938785888,27.714060296432965],[94.77798290647905,27.694920517355175],[94.68256096225963,27.653450996019966],[94.56328353198532,27.618361401044016],[94.51557255987561,27.604804057530576],[94.48456042800427,27.59523416799168],[94.42015061565615,27.583271806068066],[94.24362001885018,27.548182211092115],[94.19829459534594,27.54259977552776],[94.1386558802088,27.44929335252353],[94.11241484554847,27.422178665496656],[94.09333045670456,27.402241395623957],[94.0384628387784,27.361569365083657],[93.99313741527416,27.3360496596466],[93.97405302643025,27.326479770107706],[93.95973973479735,27.3057450094401],[93.933498700137,27.273047886848875],[93.90487211687116,27.244338218232183],[93.85239004755047,27.202868696896974],[93.8476189503395,27.198881242922436],[93.80467907544076,27.167779101921024],[93.77605249217493,27.115144709457095],[93.77366694356942,27.0649027893779],[93.77128139496395,27.027420722017222],[93.72357042285424,26.986748691476915],[93.65916061050612,26.962823967629678],[93.589979700947,26.927734372653727],[93.52556988859888,26.92215193708937],[93.42537684716848,26.91656950152502],[93.37289477784779,26.887062342113428]],[[96.33336059725596,28.115995657066573],[96.2761074307243,28.13992038091381],[96.25225194466944,28.19255477337774],[96.2236253614036,28.21009957086571],[96.18068548650487,28.215682006430068]],[[96.18068548650487,28.215682006430068],[96.14013116021161,28.19255477337774],[96.06379360483606,28.19255477337774],[95.98745604946049,28.163047613966146]],[[97.03709743587436,27.742769965049657],[97.03709743587436,27.788226940359404],[96.95360323468236,27.823316535335355],[96.95360323468236,27.847241259182592],[96.86533793627936,27.8879132897229],[96.78422928369284,27.89987565164652],[96.755602700427,27.94054768218683],[96.70789172831729,27.952510044110443],[96.6554096589966,27.9580924796748],[96.61962642991429,27.99318207465075],[96.5671443605936,28.05219639347394],[96.52659003430034,28.06336126460265],[96.49080680521806,28.08728598844989],[96.43832473589737,28.133540454554552],[96.40492705542056,28.163047613966146]],[[96.40492705542056,28.163047613966146],[96.37391492354925,28.151085252042524],[96.36914382633827,28.12237558342584],[96.33336059725596,28.115995657066573]],[[92.7693509806598,26.88147990654907],[92.70494116831168,26.92215193708937],[92.64053135596356,26.969203893988944]],[[92.64053135596356,26.969203893988944],[92.5832781894319,26.969203893988944],[92.52363947429475,26.934114299012993],[92.45922966194661,26.9046071396014],[92.38289210657106,26.887062342113428],[92.26122912769128,26.86951754462545],[92.18966266952668,26.863935109061092],[92.13240950299505,26.851972747137477]],[[93.37289477784779,26.887062342113428],[93.29655722247222,26.892644777677777]],[[93.29655722247222,26.892644777677777],[93.19636418104182,26.875099980189805],[93.10332778542787,26.863935109061092]],[[93.10332778542787,26.863935109061092],[92.95065267467675,26.875099980189805],[92.89339950814508,26.887062342113428]],[[92.89339950814508,26.887062342113428],[92.83376079300794,26.887062342113428],[92.7693509806598,26.88147990654907]],[[92.13240950299505,26.851972747137477],[92.03698755877559,26.855162710317106]],[[78.91885577720777,33.38661232061321],[78.91169913139132,33.402562136511364],[78.90692803418034,33.42329689717897],[78.90692803418034,33.448019111821125],[78.90931358278584,33.49427357792578],[78.90454248557486,33.52138826495265],[78.88784364533646,33.56684524026241],[78.88545809673096,33.59156745490455],[78.89500029115291,33.620277123521234],[78.9164702286023,33.633036976239765],[78.94509681186813,33.633834467034674],[78.97610894373943,33.62506206829069],[79.00234997839979,33.619479632726325],[79.01189217282172,33.633834467034674],[79.01189217282172,33.657759190881904],[78.99519333258334,33.70560863857638],[78.99519333258334,33.72953336242362],[78.99042223537236,33.75186310468105],[78.97610894373943,33.76940790216902],[78.94509681186813,33.799712552375524],[78.92839797162972,33.83400465655656],[78.9164702286023,33.870689233122334],[78.89738583975839,33.907373809688096],[78.88784364533646,33.946450858638585],[78.90215693696936,33.983135435204346],[78.93555461744617,34.00706015905159],[79.04051875608755,34.002275214282136],[79.06198869353693,33.99509779712797],[79.07153088795889,33.99589528792288],[79.08107308238081,33.99988274189742],[79.09300082540827,34.01423757620576],[79.1025430198302,34.01982001177012],[79.13116960309603,34.02619993812938],[79.3768811094611,34.011047613026136],[79.40550769272693,34.022212484154835],[79.44844756762569,34.0676694594646],[79.4770741508915,34.089201710927114],[79.4961585397354,34.105949017620176],[79.49854408834088,34.120303851928526],[79.48661634531345,34.15698842849429],[79.48900189391895,34.18171064313643],[79.49854408834088,34.18649558790588],[79.51285737997381,34.183305624726245],[79.53194176881769,34.184103115521154],[79.55102615766157,34.20962282095822],[79.5486406090561,34.25029485149851],[79.52478512300124,34.35157618245182],[79.5104718313683,34.39224821299213],[79.5104718313683,34.41218548286483],[79.52239957439573,34.42574282637827],[79.54386951184512,34.42893278955789],[79.62259261582616,34.41218548286483],[79.67030358793588,34.40740053809539],[79.71085791422914,34.414577955249555],[79.71324346283464,34.415375446044465],[79.7370989488895,34.44488260545606],[79.7370989488895,34.46322489373894],[79.72517120586207,34.47598474645747],[79.71085791422914,34.486352126791274],[79.70131571980721,34.4999094703047],[79.70131571980721,34.52064423097231],[79.71324346283464,34.53499906528066],[79.73232785167852,34.54536644561446],[79.7514122405224,34.55174637197372],[79.79435211542116,34.55892378912789],[79.81343650426504,34.56530371548716],[79.83013534450345,34.580456040590406],[79.8396775389254,34.600393310463105],[79.84444863613638,34.62352054351544],[79.85160528195283,34.64425530418305],[79.86591857358573,34.657812647696474],[79.90647289987899,34.66180010167102],[79.93748503175033,34.657015156901565],[79.994738198282,34.64744526736267],[80.03529252457525,34.657812647696474],[80.04960581620816,34.67296497279973],[80.06630465644656,34.73756172718727],[80.08538904529044,34.77663877613776],[80.07346130226301,34.792588592035926],[80.07823239947399,34.837248076550765],[80.11640117716178,34.88430003345033],[80.16172660066601,34.9504917694277],[80.17365434369344,35.0717103702537],[80.1831965381154,35.10281251125511],[80.18796763532634,35.150661958949584],[80.20228092695928,35.19053649869498],[80.24283525325254,35.22323362128621],[80.26191964209642,35.27028557818578],[80.25476299627996,35.3125525903159],[80.27861848233482,35.34524971290713],[80.2833895795458,35.396289123781244],[80.2833895795458,35.44573355306554],[80.30963061420616,35.4624808597586],[80.32632945444453,35.46646831373313],[80.32632945444453,35.476835694066935],[80.31917280862808,35.509532816658165],[80.3144017114171,35.53186255891559],[80.31201616281163,35.548609865608654],[80.30485951699518,35.5725345894559],[80.29054622536225,35.60762418443184],[80.24283525325254,35.638726325433254],[80.17842544090442,35.66663850325503],[80.1116300799508,35.68019584676847],[80.08777459389594,35.72485533128331],[80.05914801063011,35.74957754592546],[80.03767807318073,35.799819466004664],[80.00428039270392,35.83889651495515],[79.96134051780518,35.83889651495515],[79.91840064290642,35.82214920826209],[79.87546076800768,35.784667140901405],[79.79673766402664,35.797426993619936],[79.7370989488895,35.80221193838939],[79.71562901144011,35.817364263492635],[79.62259261582616,35.84527644131441],[79.56772499789997,35.85883378482785],[79.54625506045062,35.8644162203922],[79.46037531065312,35.88594847185472],[79.42936317878178,35.908278214112144],[79.42459208157081,35.940177845908465],[79.40073659551595,35.96171009737097],[79.3625678178282,35.97526744088441],[79.3243990401404,35.98005238565386],[79.2910013596636,35.977659913269136],[79.18365167241672,35.940975336703374],[79.19319386683867,35.88674596264963],[79.13355515170153,35.836504042570425],[79.02859101306012,35.85245385846858],[78.97133784652846,35.887543453444536],[78.82581938159382,35.86521371118711],[78.7757228608786,35.86680869277693],[78.73755408319084,35.868403674366746],[78.66360207642077,35.85245385846858],[78.65167433339334,35.84128898733988],[78.54432464614646,35.78147717772178],[78.50854141706418,35.76791983420834],[78.43458941029411,35.760742417054175],[78.4011917298173,35.745590091950916],[78.36779404934049,35.72485533128331],[78.32962527165273,35.708905515385155],[78.29145649396494,35.70093060743608],[78.27475765372654,35.694550681076805],[78.26044436209364,35.6825883191532],[78.24135997324973,35.657068613716135],[78.2294322302223,35.64749872417724],[78.18649235532357,35.63633385304853],[78.16263686926868,35.62357400033001],[78.14116693181933,35.60602920284202],[78.1292391887919,35.5829019697897],[78.11492589715897,35.54462241163412],[78.10061260552607,35.53824248527485],[78.07437157086571,35.53983746686467],[77.98372072385723,35.562964699917],[77.9550941405914,35.561369718327185],[77.9407808489585,35.547014884018836],[77.93123865453654,35.5222926693767],[77.91453981429814,35.49438049155492],[77.89068432824328,35.48162063883639],[77.85967219637197,35.48401311122112],[77.82866006450064,35.49198801917019],[77.8000334812348,35.49517798234983]],[[35.60444974739748,33.23987401435015],[35.606835296002956,33.23907652355524],[35.61160639321393,33.23987401435015],[35.61637749042491,33.241468995939954],[35.6187630390304,33.24386146832468],[35.62830523345234,33.24705143150432],[35.63546187926879,33.248646413094136],[35.642618525085254,33.248646413094136],[35.649775170901705,33.24625394070941],[35.66647401114011,33.24705143150432]],[[35.66647401114011,33.24705143150432],[35.65931736532366,33.235886560375604],[35.66170291392915,33.21275932732327]],[[35.66170291392915,33.21275932732327],[35.66647401114011,33.18006220473205],[35.67124510835109,33.14975755452555],[35.65693181671817,33.1250353398834],[35.63784742787428,33.07718589218892]],[[35.63784742787428,33.07718589218892],[35.63546187926879,33.05166618675187],[35.62114858763587,33.050071205162055],[35.58775090715908,33.018171573365734],[35.6187630390304,32.983879469184686],[35.61399194181942,32.92087769638697],[35.60206419879199,32.908915334463344],[35.61399194181942,32.89535799094992],[35.630690782057826,32.88259813823139],[35.63784742787428,32.87462323028231],[35.640232976479766,32.865053340743415],[35.640232976479766,32.84990101564016],[35.63784742787428,32.84033112610126],[35.63784742787428,32.832356218152185],[35.640232976479766,32.82039385622856]],[[35.640232976479766,32.82039385622856],[35.63546187926879,32.793279169201696],[35.63546187926879,32.78211429807298],[35.640232976479766,32.77174691773918],[35.63546187926879,32.76935444535445],[35.63546187926879,32.75260713866139],[35.599678650186505,32.717517543685446],[35.59490755297553,32.70715016335164],[35.606835296002956,32.6935928198382],[35.61160639321393,32.68163045791458]],[[76.54284936614366,33.23269659719597],[76.55954820638206,33.23110161560615],[76.61203027570275,33.19361954824548],[76.62634356733568,33.18963209427095]],[[75.94407666616667,32.89775046333463],[75.95361886058862,32.90173791730918],[75.9727032494325,32.91130780684807],[76.05142635341355,32.96952463487635],[76.08243848528485,33.00062677587776],[76.10152287412873,33.01338662859628],[76.15161939484395,33.032526407674084],[76.19455926974271,33.04289378800787],[76.21602920719207,33.050868695956964],[76.23749914464145,33.06362854867548],[76.2613546306963,33.08675578172782],[76.27089682511826,33.10350308842088],[76.27328237372373,33.11626294113941],[76.27566792232923,33.126630321473215],[76.28043901954021,33.13620021101211],[76.29475231117311,33.14816257293573],[76.35439102631025,33.18006220473205],[76.39733090120902,33.197607002220025],[76.51183723427235,33.217544272092724],[76.54284936614366,33.23269659719597]],[[76.74084990039901,33.197607002220025],[76.75516319203192,33.19441703904039],[76.76947648366485,33.18644213109131],[76.82911519880199,33.125832830678306],[76.84819958764587,33.11466795954959],[76.90306720557206,33.073995929009286],[76.92692269162691,33.04608375118751],[76.94123598325984,33.03412138926389],[76.95554927489275,33.0253489905199],[77.00087469839698,33.00700670223702],[77.08913999679996,32.95038485579856],[77.1368509689097,32.926460131951316],[77.2203451701017,32.90173791730918],[77.34916479479796,32.86744581312813],[77.37063473224731,32.86664832233323]],[[76.62634356733568,33.18963209427095],[76.74084990039901,33.197607002220025]],[[77.71176818283183,33.01418411939119],[77.72131037725379,33.012589137801385],[77.73323812028121,33.00142426667267],[77.74278031470314,32.98706943236432],[77.76425025215252,32.96234721772218],[77.82388896728966,32.91051031605316],[77.85728664776647,32.87302824869249],[77.89306987684878,32.80284905874059],[77.90976871708716,32.79088669681697],[77.92169646011459,32.774936880918816],[77.92885310593107,32.762177028200284],[77.93123865453654,32.71113761732617],[77.938395300353,32.69518780142802],[77.95032304338042,32.68242794870949],[77.9741785294353,32.66009820645206],[77.98372072385723,32.648135844528454],[77.98849182106821,32.633781010220105],[77.99564846688466,32.620223666706664],[78.00996175851759,32.61065377716777]],[[77.37063473224731,32.86664832233323],[77.37779137806379,32.87223075789758],[77.38494802388024,32.884193119821205],[77.38971912109122,32.88738308300083],[77.3944902183022,32.889775555385555],[77.44458673901738,32.89456050015501],[77.47798441949419,32.90094042651427],[77.4970688083381,32.908915334463344],[77.54000868323683,32.91848522400224],[77.55432197486974,32.923270168771694],[77.5662497178972,32.92965009513095],[77.5805630095301,32.93921998466985],[77.60680404419045,32.96234721772218],[77.61634623861238,32.96792965328653],[77.62588843303433,32.97111961646617],[77.64258727327274,32.97590456123561],[77.65212946769469,32.98068950600506],[77.65928611351114,32.98627194156941],[77.67359940514405,32.999031794287944],[77.67598495374955,33.00062677587776],[77.69506934259343,33.00780419303193],[77.70222598840988,33.01338662859628],[77.71176818283183,33.01418411939119]],[[75.84626917334174,32.942409947849484],[75.85819691636917,32.942409947849484],[75.8701246593966,32.94001747546476],[75.89398014545145,32.93044758592586],[75.9035223398734,32.92885260433604],[75.91067898568986,32.92566264115642],[75.92022118011181,32.92008020559206],[75.93692002035021,32.903332898898995],[75.94407666616667,32.89775046333463]],[[75.84626917334174,32.51654986336864],[75.85581136776369,32.52611975290753],[75.86773911079112,32.54765200437005],[75.86535356218562,32.56041185708857],[75.89636569405695,32.59709643365434],[75.91306453429536,32.61065377716777],[75.92022118011181,32.614641231142315],[75.92260672871728,32.61703370352704],[75.92499227732279,32.63059104704047],[75.92499227732279,32.652123298502985],[75.90590788847888,32.691200347453474],[75.9011367912679,32.7031627093771],[75.9035223398734,32.736657322763236],[75.91306453429536,32.755797101841026],[75.91306453429536,32.762177028200284],[75.90829343708438,32.77254440853409],[75.9035223398734,32.781316807278074],[75.886823499635,32.799659095560955],[75.88205240242402,32.80922898509985],[75.87728130521305,32.818001383843836],[75.8701246593966,32.82757127338273],[75.85819691636917,32.83953363530635],[75.82479923589236,32.870635776307765],[75.81287149286493,32.884193119821205],[75.80571484704848,32.89854795412954],[75.80332929844297,32.91210529764298],[75.80571484704848,32.9240676595666],[75.8152570414704,32.93204256751568],[75.82718478449786,32.93842249387494],[75.84626917334174,32.942409947849484]],[[78.35348075770759,32.76855695455954],[78.36063740352404,32.76775946376465],[78.36779404934049,32.76536699137992],[78.37017959794599,32.761379537405375],[78.37256514655147,32.75420212025121],[78.37972179236792,32.729479905609054],[78.3844928895789,32.71432758050581],[78.3844928895789,32.69917525540255],[78.37972179236792,32.66887060519606],[78.37733624376244,32.65770573406735],[78.37495069515694,32.64893333532336],[78.36779404934049,32.64016093657936],[78.35825185491856,32.63138853783538],[78.3320108202582,32.61783119432195],[78.31292643141433,32.60507134160342],[78.30338423699237,32.596298942859434],[78.2986131397814,32.58832403491036],[78.29384204257042,32.575564182191826],[78.28668539675397,32.54525953198532],[78.28191429954299,32.53249967926679],[78.27475765372654,32.518942335753366],[78.26998655651556,32.50379001065011],[78.27475765372654,32.49103015793159],[78.28191429954299,32.480662777597786],[78.29384204257042,32.473485360443604],[78.30338423699237,32.47029539726398]],[[78.22704668161683,32.690402856658565],[78.24374552185523,32.69279532904329],[78.25328771627716,32.69758027381275],[78.26760100791009,32.71592256209563],[78.27952875093752,32.72150499765998],[78.30576978559785,32.729479905609054],[78.3153119800198,32.73506234117342],[78.31769752862527,32.7438347399174],[78.3153119800198,32.760582046610466],[78.31769752862527,32.76456950058501],[78.32485417444175,32.76696197296974],[78.33439636886368,32.76775946376465],[78.35348075770759,32.76855695455954]],[[78.20796229277292,32.69199783824838],[78.22704668161683,32.690402856658565]],[[78.00996175851759,32.61065377716777],[78.0433594389944,32.61145126796268],[78.0600582792328,32.61862868511686],[78.06960047365473,32.63059104704047],[78.07675711947121,32.64016093657936],[78.08391376528766,32.64494588134882],[78.09345595970959,32.64893333532336],[78.09822705692056,32.653718280092804],[78.10299815413154,32.66169318804188],[78.11492589715897,32.66807311440115],[78.13162473739737,32.671263077580775],[78.15548022345223,32.6736555499655],[78.17933570950709,32.68880787506876],[78.19126345253451,32.69199783824838],[78.20796229277292,32.69199783824838]],[[78.30338423699237,32.47029539726398],[78.31292643141433,32.471890378853786],[78.35825185491856,32.51575237257373],[78.38210734097342,32.52771473449735]],[[75.84626917334174,32.51654986336864],[75.83911252752529,32.506182483034834],[75.82957033310333,32.49820757508576],[75.8176425900759,32.49501761190612],[75.79855820123203,32.48146026839268],[75.74369058330583,32.46471296169962],[75.73653393748938,32.45594056295563],[75.7317628402784,32.43680078387784],[75.72937729167293,32.429623366723675],[75.72222064585645,32.42404093115931],[75.70552180561805,32.4128760600306],[75.6983651598016,32.40569864287643],[75.68166631956319,32.40011620731208],[75.6124854100041,32.395331262542626],[75.57431663231631,32.37459650187502],[75.53853340323403,32.345089342463424],[75.50275017415174,32.300429857948586]],[[75.50275017415174,32.300429857948586],[75.48128023670236,32.307607275102754],[75.47412359088591,32.31239221987221],[75.46458139646396,32.31797465543656],[75.45026810483105,32.324354581795816],[75.44549700762008,32.32993701736018],[75.4431114590146,32.33631694371944],[75.44549700762008,32.3530642504125],[75.4431114590146,32.359444176771774],[75.43595481319812,32.36024166756668]],[[75.43595481319812,32.36024166756668],[75.42164152156522,32.35386174120741],[75.41448487574877,32.345886833258334],[75.39062938969388,32.33551945292453]],[[75.39062938969388,32.33551945292453],[75.32621957734577,32.340304397693984]],[[75.32621957734577,32.340304397693984],[75.29759299407993,32.33232948974491]],[[28.98932346438464,9.587094528175282],[28.98932346438464,10.159692918919195]],[[28.98932346438464,10.159692918919195],[27.825175744907455,10.159692918919195],[27.825175744907455,9.743402723977244],[27.89435665446655,9.595069436124366]],[[74.12390308018081,35.09882505728058],[74.10004759412595,35.092445130921305],[74.08811985109853,35.08526771376714],[74.08096320528205,35.07809029661297],[74.07619210807107,35.0717103702537],[74.06664991364914,35.055760554355544],[74.06664991364914,35.0422032108421],[74.06903546225462,35.03901324766248],[74.0738065594656,35.036620775277754],[74.0738065594656,35.035025793687936],[74.08811985109853,35.02944335812359],[74.09289094830947,35.02705088573886],[74.09766204552045,35.021468450174496],[74.10243314273143,35.01429103302033],[74.10004759412595,35.00950608825089],[74.09766204552045,35.00631612507125],[74.09289094830947,35.003126161891615],[74.08573430249302,34.99993619871199],[74.07619210807107,34.99116379996801],[74.06664991364914,34.9815939104291],[74.06426436504364,34.97441649327493],[74.06187881643817,34.965644094530944],[74.06426436504364,34.9504917694277],[74.06187881643817,34.941719370683714],[74.05710771922719,34.932946971939714],[74.05472217062172,34.930554499555],[74.05233662201621,34.92975700876009],[74.04279442759429,34.92257959160591],[74.04040887898879,34.92257959160591],[74.03325223317233,34.91460468365683],[74.03086668456686,34.90503479411794],[74.02371003875038,34.888287487424876],[74.0213244901449,34.88589501504015],[74.0189389415394,34.88111007027071],[74.01655339293393,34.87871759788598],[74.01178229572295,34.87632512550125],[73.99985455269552,34.87233767152672],[73.9879268096681,34.869147708347086],[73.98315571245712,34.86755272675727],[73.97838461524614,34.86675523596236],[73.96168577500777,34.86516025437254],[73.95452912919129,34.86276778198781],[73.94737248337483,34.85798283721837],[73.94260138616386,34.85399538324383],[73.93783028895288,34.84921043847439],[73.93067364313643,34.83964054893549],[73.92828809453096,34.838045567345674],[73.92590254592545,34.83485560416604],[73.91636035150353,34.82847567780678],[73.91158925429255,34.82608320542205],[73.89011931684317,34.812525861908625],[73.88296267102672,34.81093088031881]],[[73.88296267102672,34.81093088031881],[73.84002279612795,34.81412084349843]],[[73.84002279612795,34.81412084349843],[73.8185528586786,34.8101333895239],[73.8161673100731,34.80933589872899],[73.79708292122922,34.798171027600276],[73.79708292122922,34.79737353680537],[73.78992627541277,34.79418357362573],[73.77799853238534,34.79179110124102]],[[73.77799853238534,34.79179110124102],[73.75891414354143,34.792588592035926]],[[73.75891414354143,34.792588592035926],[73.75175749772498,34.7901961196512],[73.7493719491195,34.7901961196512],[73.73982975469755,34.784613684086835],[73.71835981724817,34.77105634057341],[73.70881762282622,34.76308143262433],[73.70166097700977,34.75590401547015],[73.69450433119331,34.74473914434144],[73.68496213677136,34.723206892878935],[73.68019103956038,34.715231984929844],[73.65156445629455,34.676952426774264],[73.6467933590836,34.66818002803028],[73.65156445629455,34.65940762928629],[73.65872110211103,34.6498377397474],[73.65872110211103,34.64425530418305],[73.6611066507165,34.638672868618684],[73.65872110211103,34.633887923849244],[73.63963671326712,34.58524098535986],[73.6300945188452,34.56929116946169],[73.62293787302872,34.56370873389734],[73.61816677581777,34.56370873389734]],[[73.61816677581777,34.56370873389734],[73.61339567860679,34.56929116946169],[73.61101013000129,34.575671095820965],[73.60862458139582,34.580456040590406],[73.60623903279034,34.58284851297513],[73.60623903279034,34.58524098535986],[73.60146793557936,34.58763345774457],[73.59431128976291,34.58843094853948],[73.58238354673546,34.58843094853948]],[[73.58238354673546,34.58843094853948],[73.575226900919,34.586835966949664],[73.56568470649708,34.58524098535986],[73.55375696346962,34.5796585497955],[73.53467257462574,34.57168364184642],[73.52990147741477,34.57088615105151]],[[73.52990147741477,34.57088615105151],[73.52513038020379,34.57088615105151],[73.50366044275444,34.574873605026056],[73.49888934554346,34.574873605026056]],[[73.49888934554346,34.574873605026056],[73.49411824833248,34.574873605026056],[73.46310611646118,34.57088615105151],[73.46310611646118,34.5700886602566],[73.45356392203922,34.566101206282056],[73.45117837343375,34.562911243102434],[73.44640727622277,34.55812629833298],[73.44640727622277,34.54058150084501],[73.44402172761727,34.53659404687046],[73.44402172761727,34.53340408369084],[73.43686508180082,34.52223921256213],[73.43686508180082,34.484757145201456],[73.43447953319534,34.48156718202182],[73.42970843598437,34.472794783277834],[73.42732288737886,34.47040231089311],[73.42732288737886,34.43611020671207],[73.42493733877339,34.43052777114771],[73.42493733877339,34.42813529876298],[73.42016624156241,34.4097930104801],[73.41539514435144,34.39783064855648],[73.40346740132401,34.381083341863416],[73.40108185271853,34.37550090629907],[73.40823849853498,34.35476614563146],[73.44640727622277,34.306119207142075],[73.4559494706447,34.292561863628634],[73.4583350192502,34.28219448329483],[73.4750338594886,34.2694346305763],[73.4750338594886,34.268637139781404],[73.4893471511215,34.1984579498295],[73.49173269972701,34.18091315234152],[73.4893471511215,34.14981101134012],[73.4893471511215,34.12987374146742],[73.49173269972701,34.1282787598776],[73.50843153996541,34.068466950259506],[73.51797373438734,34.00945263143632],[73.51797373438734,34.00865514064141]],[[73.51797373438734,34.00865514064141],[73.51797373438734,34.0078576498465],[73.57999799812998,33.91056377286773],[73.58238354673546,33.87706915948159],[73.56807025510255,33.80370000635007],[73.575226900919,33.7773828101181],[73.58954019255194,33.762230485014854],[73.59669683836839,33.74548317832178],[73.60146793557936,33.708798601756016],[73.59669683836839,33.69524125824259],[73.57761244952451,33.66334162644627],[73.575226900919,33.65377173690737],[73.57761244952451,33.6473918105481],[73.57284135231353,33.633834467034674],[73.575226900919,33.62665704988049],[73.60385348418484,33.6059222892129],[73.61578122721227,33.59316243649437],[73.62532342163422,33.575617639006396],[73.63248006745067,33.556477859928606],[73.63486561605617,33.54052804403044],[73.6300945188452,33.53095815449154],[73.62532342163422,33.528565682106816],[73.61816677581777,33.5261732097221],[73.61578122721227,33.51979328336283],[73.61578122721227,33.510223393823935],[73.62293787302872,33.47752627123272],[73.6277089702397,33.46157645533455],[73.6277089702397,33.45200656579566],[73.62293787302872,33.44881660261602],[73.61339567860679,33.44642413023131],[73.60385348418484,33.44163918546185],[73.59431128976291,33.41213202605026],[73.58238354673546,33.400169664126636],[73.57284135231353,33.38740981140812],[73.575226900919,33.36986501392013],[73.58715464394643,33.3555101796118],[73.59908238697386,33.34275032689327],[73.60385348418484,33.33318043735437],[73.60146793557936,33.32201556622566],[73.59669683836839,33.31483814907149],[73.59431128976291,33.30447076873769],[73.59431128976291,33.2853309896599],[73.59908238697386,33.26619121058211],[73.60146793557936,33.24705143150432],[73.59669683836839,33.24386146832468],[73.58238354673546,33.23907652355524]],[[73.58238354673546,33.23907652355524],[73.57999799812998,33.23907652355524]],[[73.57999799812998,33.23907652355524],[73.57999799812998,33.229506634016346],[73.58476909534096,33.22791165242653]],[[73.60862458139582,33.23269659719597],[73.61578122721227,33.23269659719597],[73.61578122721227,33.22392419845198],[73.61816677581777,33.216746781297815],[73.62055232442324,33.21196183652836],[73.64917890768908,33.1952145298353],[73.65395000490005,33.18484714950149],[73.65395000490005,33.17288478757787],[73.64917890768908,33.16171991644916],[73.6444078104781,33.15454249929499],[73.6444078104781,33.14337762816628],[73.62293787302872,33.12423784908849],[73.63963671326712,33.10350308842088],[73.67303439374393,33.085160800138],[73.7326731088811,33.06283105788057],[73.76368524075241,33.0452862603926],[73.77322743517436,33.030931426084265],[73.78515517820179,33.02455149972499],[73.80662511565114,33.0149816101861],[73.82332395588955,33.01338662859628]],[[73.59431128976291,33.22791165242653],[73.59908238697386,33.230304124811255],[73.60862458139582,33.23269659719597]],[[73.58715464394643,33.22870914322144],[73.59431128976291,33.22791165242653]],[[73.58476909534096,33.22791165242653],[73.58715464394643,33.22870914322144]],[[73.90681815708157,33.030133935289356],[73.92590254592545,33.02614648131481],[73.94260138616386,33.018171573365734],[73.95214358058581,33.011791647006476],[73.95691467779679,33.00620921144211],[73.95930022640226,33.00062677587776],[73.97599906664067,32.97590456123561],[73.98315571245712,32.96872714408144],[74.31713251722516,32.82278632861329]],[[73.82332395588955,33.01338662859628],[73.82809505310053,33.01577910098101],[73.83048060170603,33.01577910098101],[73.84717944194443,33.023754008930084],[73.85910718497186,33.02694397210972],[73.87342047660476,33.02853895369954],[73.90681815708157,33.030133935289356]],[[46.72587734617346,40.41250622375223],[46.75211838083382,40.40293633421334],[46.780744964099654,40.39177146308464],[46.80460045015451,40.36465677605776],[46.84276922784227,40.33036467187672],[46.8713958111081,40.31281987438875],[46.90479349158491,40.30484496643966]],[[-88.26039049525495,17.423239078940792],[-88.28901707852079,17.42642904212042],[-88.30571591875919,17.437593913249135]],[[-88.30571591875919,17.437593913249135],[-88.33195695341954,17.437593913249135],[-88.35581243947439,17.42642904212042],[-88.37728237692377,17.422441588145883],[-88.39636676576765,17.419251624966254],[-88.41783670321703,17.41127671701717],[-88.43453554345544,17.39293442873429],[-88.44884883508836,17.366617232502325],[-88.4560054809048,17.35545236137362],[-88.48224651556515,17.35545236137362],[-88.50133090440904,17.352262398193982],[-88.51564419604196,17.344287490244906],[-88.51564419604196,17.325945201962025],[-88.52280084185841,17.3036154597046],[-88.5442707793078,17.29643804255043],[-88.56335516815169,17.28128571744718],[-88.5776684597846,17.254968521215215],[-88.594367300023,17.221473907829083],[-88.594367300023,17.184789331263314],[-88.59675284862848,17.162459589005895],[-88.62060833468334,17.143319809928105],[-88.63492162631626,17.11780010449105],[-88.65400601516015,17.09866032541326],[-88.65639156376564,17.076330583155833],[-88.66116266097661,17.0428359697697],[-88.66116266097661,17.017316264332646],[-88.66831930679307,16.99099906810068],[-88.69456034145341,16.961491908689087],[-88.70410253587536,16.939162166431668],[-88.70410253587536,16.920022387353878],[-88.69456034145341,16.90168009907099],[-88.677861501215,16.87935035681357],[-88.66593375818758,16.86100806853069],[-88.66593375818758,16.856223123761243],[-88.67309040400404,16.84585574342744],[-88.68263259842598,16.8418682894529],[-88.68978924424245,16.836285853888544],[-88.68978924424245,16.82990592752928],[-88.67309040400404,16.816348584015845],[-88.67309040400404,16.81315862083621],[-88.67547595260953,16.81076614845149],[-88.69933143866439,16.80677869447695],[-88.71841582750828,16.800398768117685],[-88.72318692471924,16.797208804938055],[-88.72795802193022,16.792423860168608],[-88.75658460519605,16.747764375653762],[-88.76135570240703,16.73659950452505],[-88.77089789682897,16.71745972544726],[-88.77566899403995,16.703104891138917],[-88.77805454264542,16.69752245557456],[-88.77805454264542,16.693535001600022],[-88.77328344543446,16.68077514888149],[-88.78998228567286,16.67997765808658],[-88.7995244800948,16.675990204112043],[-88.80668112591125,16.668015296162967],[-88.81860886893868,16.656052934239344],[-88.82099441754417,16.650470498674988],[-88.82099441754417,16.64568555390554],[-88.81622332033321,16.628938247212478],[-88.81622332033321,16.62415330244303],[-88.81860886893868,16.613785922109226],[-88.83053661196612,16.603418541775422],[-88.84007880638806,16.593848652236527],[-88.85677764662647,16.581886290312905],[-88.86154874383743,16.577898836338367],[-88.8687053896539,16.577898836338367],[-88.87586203547035,16.57391138236383],[-88.91164526455265,16.549189167721682],[-88.91641636176362,16.547594186131864]],[[-88.91641636176362,16.547594186131864],[-88.92118745897459,16.548391676926773]],[[-88.92118745897459,16.548391676926773],[-88.92834410479105,16.546796695336955],[-88.94027184781848,16.542011750567507],[-88.94981404224042,16.53483433341334],[-88.9545851394514,16.527656916259165],[-88.9545851394514,16.524466953079536],[-88.95219959084591,16.51649204513045],[-88.95697068805688,16.513302081950822],[-88.99036836853368,16.5005422292323],[-89.00229611156111,16.497352266052662],[-89.0046816601666,16.497352266052662]],[[-89.0046816601666,16.497352266052662],[-89.00945275737757,16.49974473843739],[-89.01660940319402,16.506124664796648],[-89.021380500405,16.511707100361004],[-89.02615159761598,16.513302081950822]],[[-89.02615159761598,16.513302081950822],[-89.02853714622147,16.511707100361004],[-89.04285043785438,16.497352266052662],[-89.0571637294873,16.485389904129047],[-89.06432037530375,16.47980746856469],[-89.07147702112022,16.476617505385054],[-89.08340476414764,16.475820014590152],[-89.08817586135861,16.475022523795243],[-89.09771805578056,16.471832560615606],[-89.11203134741348,16.471035069820704],[-89.14781457649576,16.456680235512355],[-89.15497122231223,16.448705327563278],[-89.15974231952319,16.442325401204013],[-89.15974231952319,16.436742965639656],[-89.16212786812868,16.433553002460027],[-89.16451341673417,16.42876805769058],[-89.18121225697257,16.40883078781788],[-89.19314,16.39288097191972]],[[-58.77978082865829,4.74871787546876],[-58.794094120291206,4.765465182161822],[-58.82033515495155,4.908216034450344],[-58.844190641006406,4.9720152980429795],[-58.846576189611895,5.0126873285832865],[-58.82272070355704,5.157033162461627],[-58.82033515495155,5.2288073340033385],[-58.82749180076801,5.244757149901499],[-58.83941954379544,5.255922021030212],[-58.88474496729967,5.326898701777022],[-58.879973870088705,5.33407611893119],[-58.879973870088705,5.361988296752973],[-58.87520277287773,5.3715581862918675],[-58.86566057845579,5.38830549298493],[-58.85850393263932,5.408242762857629],[-58.844190641006406,5.414622689216895],[-58.803636314713145,5.417015161601615],[-58.717756564915646,5.430572505115055],[-58.69390107886079,5.437749922269223],[-58.6748166900169,5.455294719757202],[-58.65334675256753,5.499156713477138],[-58.634262363723636,5.540626234812347],[-58.62233462069621,5.581298265352654],[-58.61756352348523,5.623565277482779],[-58.61756352348523,5.692149485844862],[-58.61040687766878,5.755948749437497],[-58.61517797487975,5.819748013030132],[-58.61040687766878,5.8420777552875585],[-58.58655139161392,5.894712147751481],[-58.572238099981,5.91385192682927],[-58.56985255137551,5.937776650676508],[-58.56985255137551,6.019120711757122],[-58.572238099981,6.029488092090926],[-58.58416584300843,6.054210306733072],[-58.58416584300843,6.074945067400673],[-58.56985255137551,6.2081260301503],[-58.572238099981,6.217695919689202],[-58.57939474579746,6.227265809228097],[-58.58416584300843,6.235240717177174],[-58.58178029440295,6.2424181343313485],[-58.57462364858648,6.249595551485516],[-58.572238099981,6.2575704594346],[-58.56985255137551,6.267140348973495],[-58.56985255137551,6.27671023851239],[-58.57462364858648,6.293457545205452],[-58.598479134641345,6.341306992899934],[-58.60086468324683,6.361244262772633],[-58.60086468324683,6.405106256492569],[-58.603250231852314,6.416271127621275]],[[-58.56269590555905,4.030976160051605],[-58.57462364858648,4.032571141641416],[-58.58416584300843,4.039748558795591],[-58.5889369402194,4.052508411514115],[-58.58178029440295,4.05888833787338],[-58.56985255137551,4.063673282642828],[-58.560310356953565,4.070850699797003],[-58.49351499599996,4.129067527825281],[-58.47920170436704,4.149802288492889],[-58.472045058550584,4.16814457677577],[-58.467273961339615,4.186486865058651],[-58.467273961339615,4.207221625726259],[-58.472045058550584,4.228753877188776],[-58.49112944739447,4.268628416934174],[-58.49351499599996,4.292553140781411],[-58.48874389878898,4.309300447474474],[-58.464888412734126,4.33402266211662],[-58.460117315523156,4.344390042450424],[-58.467273961339615,4.4289240667106675],[-58.476816155761554,4.474381042020422],[-58.4863583501835,4.495913293482939],[-58.498286093210936,4.504685692226925],[-58.5030571904219,4.508673146201463],[-58.52929822508225,4.529407906869071],[-58.53406932229322,4.534990342433428],[-58.56985255137551,4.546155213562141],[-58.58655139161392,4.563700011050113],[-58.61756352348523,4.611549458744587],[-58.629491266512666,4.621916839078391],[-58.64857565535655,4.632284219412195],[-58.67243114141141,4.657006434054342],[-58.70582882188822,4.704058390953914],[-58.720142113521135,4.7463254030840325],[-58.73445540515405,4.762275218982193]],[[-58.73445540515405,4.762275218982193],[-58.77978082865829,4.74871787546876]],[[-58.223948003580034,2.699964023350237],[-58.20486361473615,2.719901293222936],[-58.18816477449774,2.7454209986599913],[-58.176237031470315,2.7581808513785155],[-58.16669483704837,2.762965796147963],[-58.16669483704837,2.7876880107901094],[-58.171465934259345,2.7996503727137316],[-58.18339367728677,2.8116127346373467],[-58.19293587170871,2.815600188611885],[-58.20247806613066,2.815600188611885],[-58.214405809158094,2.8187901517915215],[-58.214405809158094,2.826765059740598],[-58.20963471194712,2.8474998204082063],[-58.20724916334163,2.853082255972563],[-58.20009251752518,2.856272219152192],[-58.18577922589226,2.8578672007420103],[-58.178622580075796,2.8610571639216396],[-58.171465934259345,2.8722220350503527],[-58.16908038565386,2.885779378563786],[-58.16908038565386,2.9001342128721284],[-58.171465934259345,2.91528653797538],[-58.178622580075796,2.926451409104093],[-58.18577922589226,2.9312363538735404],[-58.18816477449774,2.937616280232806],[-58.18577922589226,2.9503761329513303],[-58.181008128681285,2.958351040900414],[-58.173851482864826,2.9615410040800434],[-58.16669483704837,2.9639334764647636],[-58.15953819123192,2.9703134028240292],[-58.14999599680996,2.987858200312008],[-58.14999599680996,3.0030105254152595],[-58.15953819123192,3.0317201940319443],[-58.173851482864826,3.0460750283402867],[-58.181008128681285,3.0564424086740907],[-58.19293587170871,3.0636198258282583],[-58.216791357763576,3.0660122982129856],[-58.28358671871719,3.1138617459074602],[-58.305056656166556,3.1361914881648865],[-58.30028555895559,3.1489513408834107],[-58.28358671871719,3.161711193601935],[-58.27643007290072,3.1856359174491793],[-58.27404452429524,3.2095606412964166],[-58.27165897568976,3.225510457194577],[-58.254960135451356,3.2582075797858003],[-58.25018903824038,3.2709674325043245],[-58.24303239242393,3.3116394630446315],[-58.24541794102941,3.3196143709937154],[-58.23349019800198,3.357096438354386],[-58.23587574660746,3.36985629107291],[-58.24064684381844,3.3754387266372667],[-58.2478034896349,3.379426180611805],[-58.254960135451356,3.387401088560889],[-58.266887878478784,3.418503229562301],[-58.29312891313913,3.572418952979529],[-58.29551446174462,3.580393860928613],[-58.302671107561075,3.5851788056980602],[-58.31936994779947,3.593153713647137],[-58.32652659361594,3.5971411676216754],[-58.33368323943239,3.6114960019300177],[-58.32891214222143,3.6521680324703247],[-58.33129769082691,3.6689153391633944],[-58.383779760147604,3.716764786857869],[-58.40286414899149,3.745474455474554],[-58.381394211542116,3.758234308193085],[-58.37662311433114,3.766209216142162],[-58.35992427409274,3.8044887742977416],[-58.35753872548726,3.819641099400993],[-58.36230982269822,3.83878087847879],[-58.381394211542116,3.8738704734547333],[-58.386165308753085,3.891415270942712],[-58.388550857358574,3.900985160481607],[-58.40763524620246,3.9169349763797676],[-58.41240634341344,3.9257073751237535],[-58.41479189201892,3.9360747554575575],[-58.426719635046354,3.963986933279333],[-58.43864737807378,4.010241399383997],[-58.44580402389024,4.025393724487248],[-58.44341847528475,4.027786196871968],[-58.44103292667927,4.0285836876668775],[-58.43864737807378,4.031773650846514],[-58.460117315523156,4.039748558795591]],[[-58.460117315523156,4.039748558795591],[-58.476816155761554,4.027786196871968],[-58.498286093210936,4.026191215282157]],[[-58.498286093210936,4.026191215282157],[-58.52214157926579,4.031773650846514],[-58.54361151671517,4.039748558795591]],[[-58.54361151671517,4.039748558795591],[-58.553153711137114,4.033368632436325],[-58.56269590555905,4.030976160051605]],[[-58.24064684381844,2.703153986529866],[-58.223948003580034,2.699964023350237]],[[-58.32652659361594,2.32992829451295],[-58.340839885248855,2.3355107300772993],[-58.350382079670794,2.353853018360187],[-58.350382079670794,2.3682078526685295],[-58.338454336643366,2.393727558105585],[-58.33606878803788,2.4080823924139274],[-58.340839885248855,2.423234717517179],[-58.345610982459824,2.4375895518255213],[-58.36469537130371,2.463109257262577],[-58.347996531065306,2.4678942020320243],[-58.31221330198302,2.4694891836218353],[-58.29551446174462,2.477464091570919],[-58.28597226732268,2.4902239442894434],[-58.28358671871719,2.505376269392695],[-58.28358671871719,2.5452508091380928],[-58.26927342708427,2.6050626187561896],[-58.264502329873295,2.668861882348825],[-58.257345684056844,2.690394133811342],[-58.24064684381844,2.703153986529866]],[[-58.33606878803788,2.2445967794577975],[-58.32891214222143,2.2541666689966924],[-58.31698439919399,2.2844713192031953],[-58.30982775337753,2.2948386995369994],[-58.28835781592816,2.312383497024971],[-58.27881562150621,2.3283333129231316],[-58.27881562150621,2.342688147231474],[-58.28835781592816,2.355447999949998],[-58.30982775337753,2.3674103618736204]],[[-58.30982775337753,2.3674103618736204],[-58.31459885058851,2.3394981840518447],[-58.32652659361594,2.32992829451295]],[[-58.345610982459824,2.2573566321763217],[-58.338454336643366,2.248584233432336],[-58.33606878803788,2.2445967794577975]],[[-58.3670809199092,2.1935573685836864],[-58.35992427409274,2.1943548593785955],[-58.350382079670794,2.2023297673276723],[-58.347996531065306,2.2142921292512945],[-58.345610982459824,2.2573566321763217]],[[-58.37185201712017,2.2166846016360218],[-58.37185201712017,2.200734785737861],[-58.3670809199092,2.1935573685836864]],[[-58.40524969759697,2.085896111271115],[-58.39809305178052,2.105035890348905],[-58.39809305178052,2.1241756694266947],[-58.40524969759697,2.157670282812827],[-58.40286414899149,2.1728226079160784],[-58.39570750317503,2.190367405404057],[-58.386165308753085,2.2063172213022177],[-58.37185201712017,2.2166846016360218]],[[-58.40524969759697,2.0930735284252826],[-58.40524969759697,2.085896111271115]],[[-58.519756030660304,1.9606900564705647],[-58.514984933449334,1.963082528855292],[-58.498286093210936,1.9925896882668859],[-58.40524969759697,2.0930735284252826]],[[-58.52214157926579,1.962285038060383],[-58.519756030660304,1.9606900564705647]],[[-58.64380455814558,1.5579572050420545],[-58.63903346093461,1.5619446590165929],[-58.634262363723636,1.573109530145306],[-58.61040687766878,1.6201614870448715],[-58.61040687766878,1.6440862108921088],[-58.61279242627426,1.6624284991749967],[-58.61040687766878,1.6799732966629684],[-58.5889369402194,1.7046955113051148],[-58.57700919719197,1.727822744357443],[-58.56746700277003,1.7405825970759743],[-58.550768162531625,1.7493549958199601],[-58.54599706532065,1.7533424497944985],[-58.5388404195042,1.7621148485384843],[-58.5388404195042,1.7676972841028409],[-58.54361151671517,1.7716847380773793],[-58.54361151671517,1.778064664436645],[-58.52691267647677,1.8625986886968882],[-58.52214157926579,1.942347768187684],[-58.52214157926579,1.9479302037520405],[-58.52929822508225,1.9503226761367607],[-58.52929822508225,1.9559051117011172],[-58.52691267647677,1.962285038060383],[-58.52214157926579,1.962285038060383]],[[-58.67004559280593,1.5587546958369636],[-58.64380455814558,1.5579572050420545]],[[-58.70582882188822,1.5236651008610131],[-58.69390107886079,1.544399861528614],[-58.68912998164981,1.552374769477698],[-58.679587787227874,1.5587546958369636],[-58.67004559280593,1.5587546958369636]],[[-58.72252766212662,1.532437499604999],[-58.70582882188822,1.5236651008610131]],[[-58.753539793997945,1.4774106347563496],[-58.74876869678697,1.4782081255512587],[-58.74161205097051,1.4829930703207062],[-58.73684095375954,1.491765469064692],[-58.73684095375954,1.4989428862188667],[-58.74161205097051,1.5053228125781253],[-58.74161205097051,1.5109052481424818],[-58.73684095375954,1.522070119271195],[-58.729684307943074,1.5308425180151808],[-58.72252766212662,1.532437499604999]],[[-58.760696439814396,1.4774106347563496],[-58.753539793997945,1.4774106347563496]],[[-58.81556405774057,1.1871239854098583],[-58.81317850913509,1.2269985251552562],[-58.806021863318634,1.266075574105745],[-58.79170857168572,1.308342586235863],[-58.78932302308023,1.3131275310053105],[-58.77500973144731,1.3370522548525479],[-58.7773952800528,1.3625719602896034],[-58.78932302308023,1.3864966841368407],[-58.803636314713145,1.4423210397803992],[-58.803636314713145,1.4558783832938325],[-58.798865217502176,1.4670432544225456],[-58.78932302308023,1.471828199191993],[-58.760696439814396,1.4774106347563496]],[[-7.104026936619363,38.82709452347524],[-7.080171450564507,38.79519489167892],[-7.049159318693185,38.77525762180622],[-7.03246047845478,38.74894042557426],[-7.0276893812438175,38.67636876323763],[-7.015761638216375,38.62931680633807],[-6.9990627979779845,38.583859831028306],[-6.977592860528603,38.5718974691047],[-6.9704362147121515,38.55754263479635],[-6.984749506345068,38.53521289253892],[-7.015761638216375,38.51766809505095],[-7.0682437075370785,38.51128816869169],[-7.106412485224851,38.52085805823059],[-7.146966811518112,38.54478278207782],[-7.180364491994922,38.58784728500285],[-7.208991075260755,38.60618957328573],[-7.242388755737551,38.602999610106096],[-7.271015339003384,38.617354444414445]],[[-12.967705408904095,27.662223394763952],[-13.03688631846319,27.662223394763952]],[[-13.03688631846319,27.662223394763952],[-13.177633686186866,27.662223394763952]],[[-12.686210673456728,27.662223394763952],[-12.826958041180404,27.662223394763952]],[[-12.826958041180404,27.662223394763952],[-12.967705408904095,27.662223394763952]],[[-12.404715938009375,27.662223394763952],[-12.476282396173957,27.662223394763952]],[[-12.476282396173957,27.662223394763952],[-12.686210673456728,27.662223394763952]],[[-11.982473834838345,27.662223394763952],[-12.123221202562021,27.662223394763952]],[[-12.123221202562021,27.662223394763952],[-12.404715938009375,27.662223394763952]],[[-11.562617280272804,27.662223394763952],[-11.631798189831898,27.662223394763952]],[[-11.631798189831898,27.662223394763952],[-11.982473834838345,27.662223394763952]],[[-11.28112254482545,27.662223394763952],[-11.421869912549127,27.662223394763952]],[[-11.421869912549127,27.662223394763952],[-11.562617280272804,27.662223394763952]],[[-10.999627809378097,27.662223394763952],[-11.07119426754268,27.662223394763952]],[[-11.07119426754268,27.662223394763952],[-11.28112254482545,27.662223394763952]],[[-10.718133073930744,27.662223394763952],[-10.85888044165442,27.662223394763952]],[[-10.85888044165442,27.662223394763952],[-10.999627809378097,27.662223394763952]],[[-10.439023887088865,27.662223394763952],[-10.50820479664796,27.662223394763952]],[[-10.50820479664796,27.662223394763952],[-10.718133073930744,27.662223394763952]],[[-10.157529151641512,27.661425903969043],[-10.226710061200606,27.661425903969043],[-10.298276519365189,27.662223394763952]],[[-10.298276519365189,27.662223394763952],[-10.439023887088865,27.662223394763952]],[[-9.735287048470482,27.661425903969043],[-9.806853506635065,27.661425903969043]],[[-9.806853506635065,27.661425903969043],[-10.157529151641512,27.661425903969043]],[[-9.315430493904941,27.661425903969043],[-9.45379231302313,27.661425903969043]],[[-9.45379231302313,27.661425903969043],[-9.735287048470482,27.661425903969043]],[[-9.033935758457588,27.661425903969043],[-9.103116668016682,27.661425903969043]],[[-9.103116668016682,27.661425903969043],[-9.315430493904941,27.661425903969043]],[[-8.816850835358352,27.661425903969043],[-8.893188390733911,27.661425903969043]],[[-8.893188390733911,27.661425903969043],[-9.033935758457588,27.661425903969043]],[[89.7969574182242,28.240404221072215],[89.81842735567355,28.238011748687487],[89.83751174451746,28.223656914379145]],[[89.85898168196681,28.22764436835369],[89.87568052220522,28.21009957086571],[89.90192155686557,28.182187393043936]],[[89.83751174451746,28.223656914379145],[89.85898168196681,28.22764436835369]],[[90.14763306323064,28.19494724576246],[90.18341629231293,28.17660495747958],[90.19295848673488,28.15985765078651],[90.21442842418423,28.146300307273076]],[[90.08799434809347,28.151882742837433],[90.12377757717579,28.168630049530496],[90.11900647996481,28.190162300993013],[90.14763306323064,28.19494724576246]],[[89.97587356363564,28.193352264172642],[90.00450014690148,28.169427540325405],[90.02119898713988,28.161452632376328],[90.02597008435083,28.14071787170872],[90.04266892458924,28.135135436144363]],[[89.94724698036981,28.184579865428656],[89.97587356363564,28.193352264172642]],[[89.91862039710398,28.186174847018474],[89.94724698036981,28.184579865428656]],[[89.90192155686557,28.182187393043936],[89.91862039710398,28.186174847018474]],[[90.2883804309543,28.161452632376328],[90.31223591700916,28.151882742837433],[90.340862500275,28.111210712297126],[90.3599468891189,28.092868424014245],[90.36948908354083,28.0681462093721],[90.38618792377923,28.060968792217924]],[[90.25975384768847,28.146300307273076],[90.2883804309543,28.161452632376328]],[[90.24305500745007,28.154275215222153],[90.25975384768847,28.146300307273076]],[[90.21442842418423,28.146300307273076],[90.24305500745007,28.154275215222153]],[[90.05936776482764,28.152680233632342],[90.08799434809347,28.151882742837433]],[[90.04266892458924,28.135135436144363],[90.05936776482764,28.152680233632342]],[[90.43389889588897,28.06575373698737],[90.47445322218223,28.072133663346637]],[[90.40288676401764,28.071336172551728],[90.43389889588897,28.06575373698737]],[[90.38618792377923,28.060968792217924],[90.40288676401764,28.071336172551728]],[[79.12401295727958,33.29011593442934],[79.14071179751798,33.160124934859354],[79.14071179751798,33.1250353398834],[79.11685631146312,33.08994574490745],[79.09538637401374,33.054856149931496],[79.10969966564664,33.00780419303193],[79.17649502660026,32.99344935872358],[79.17649502660026,32.984676959979595],[79.21227825568255,32.92008020559206],[79.20035051265512,32.837938653716535],[79.2051216098661,32.80922898509985],[79.23136264452646,32.75101215707157],[79.24090483894838,32.70156772778728],[79.22897709592095,32.65611075247753],[79.21943490149903,32.62181864829648],[79.21466380428805,32.581146617756175],[79.21466380428805,32.50777746462465]],[[74.46265098215983,35.12354727192272],[74.48889201682016,35.12035730874308],[74.5199041486915,35.106002474434746],[74.54853073195733,35.08048276899768],[74.57477176661766,35.04619066481665],[74.61294054430545,34.9720240208902],[74.63441048175483,34.940124389093896],[74.66065151641516,34.91779464683647],[74.79901333553335,34.851602910859114],[74.86580869648697,34.82847567780678],[74.92783296022961,34.81332335270352],[74.97554393233932,34.81332335270352]],[[74.26942154511545,35.086862695356956],[74.35053019770197,35.093242621716215],[74.41016891283914,35.111584909999095],[74.46265098215983,35.12354727192272]],[[74.12390308018081,35.09882505728058],[74.13821637181371,35.09882505728058],[74.1763851495015,35.09802756648567],[74.26703599650997,35.086862695356956],[74.26942154511545,35.086862695356956]],[[75.14014678611787,34.869945199141995],[75.16161672356725,34.86197029119292],[75.20694214707146,34.82129826065261],[75.23079763312634,34.79418357362573],[75.24988202197022,34.76228394182942],[75.2546531191812,34.728789328443284],[75.2522675705757,34.69688969664696],[75.22602653591537,34.64904024895249],[75.22364098730986,34.638672868618684]],[[74.97554393233932,34.81332335270352],[75.00417051560515,34.817310806678066],[75.02802600166001,34.823690733037324],[75.0661947793478,34.830868150191506],[75.08766471679718,34.83964054893549],[75.12344794587946,34.86675523596236],[75.14014678611787,34.869945199141995]],[[47.01691427604277,40.24662813841138],[47.01214317883179,40.24264068443685],[46.988287692776936,40.238653230462305],[46.96920330393303,40.24184319364194],[46.95011891508915,40.2482231200012],[46.940576720667195,40.253008064770654],[46.92864897763977,40.252210573975745],[46.921492331823316,40.244235666026654],[46.92387788042882,40.23466577648776],[46.933420074850744,40.224298396153955],[46.933420074850744,40.22190592376924],[46.93103452624527,40.213931015820165],[46.92626342903429,40.20914607105071],[46.92387788042882,40.20755108946089],[46.907179040190414,40.201171163101634],[46.900022394373934,40.197981199922],[46.89286574855748,40.19558872753727],[46.880938005530055,40.20196865389654],[46.873781359713604,40.201171163101634],[46.85946806808067,40.19638621833218],[46.828455936209366,40.17884142084421],[46.821299290392915,40.17246149448495],[46.821299290392915,40.166879058920586],[46.83084148481484,40.16049913256133],[46.83084148481484,40.15411920620207],[46.81891374178741,40.15411920620207],[46.80460045015451,40.15730916938169],[46.79028715852158,40.15252422461225],[46.7712027696777,40.13577691791917],[46.75927502665027,40.11743462963629],[46.747347283622844,40.09988983214832],[46.74973283222832,40.091117433404335],[46.76404612386125,40.08314252545526],[46.76404612386125,40.07915507148071],[46.74973283222832,40.071180163531636],[46.73303399198991,40.06400274637747],[46.73303399198991,40.06320525558256],[46.71872070035701,40.05124289365894],[46.702021860118606,40.04566045809459],[46.67816637406375,40.04326798570986],[46.680551922669224,40.03688805935059],[46.680551922669224,40.02731816981169],[46.6996363115131,40.0281156606066],[46.71872070035701,40.02731816981169],[46.74496173501734,40.02253322504225],[46.76643167246672,40.02173573424734],[46.80221490154901,40.02173573424734],[46.814142644576435,40.019343261862616],[46.82607038760386,40.00977337232372],[46.83799813063132,39.99940599198992],[46.84515477644777,39.97707624973249],[46.84276922784227,39.95953145224452],[46.840383679236794,39.95474650747508],[46.83799813063132,39.94118916396164],[46.83322703342034,39.92125189408894],[46.840383679236794,39.91965691249912],[46.84276922784227,39.92364436647367],[46.85231142226422,39.930821783627835],[46.85231142226422,39.92364436647367],[46.854696970869696,39.9180619309093],[46.86662471389715,39.930024292832925],[46.880938005530055,39.943581636346366],[46.895251297162986,39.95474650747508],[46.90240794297944,39.95394901668017],[46.907179040190414,39.949164071910715],[46.914335686006865,39.943581636346366],[46.92626342903429,39.937999200782],[46.92864897763977,39.93241676521765],[46.92864897763977,39.906099568985695],[46.921492331823316,39.886162299112996],[46.91195013740136,39.86542753844539],[46.90240794297944,39.8566551397014],[46.89286574855748,39.85187019493195],[46.89048019995201,39.85187019493195],[46.87616690831908,39.84230030539305],[46.86662471389715,39.83352790664907],[46.86662471389715,39.82714798028981],[46.873781359713604,39.821565544725445],[46.88332355413553,39.822363035520354],[46.90240794297944,39.83113543426434],[46.91910678321784,39.8367178698287],[46.92864897763977,39.84469277777778],[46.933420074850744,39.85266768572686],[46.93819117206172,39.86861750162501],[46.94534781787817,39.878984881958814],[46.9572755609056,39.887757280702814],[47.000215435804364,39.89732717024171],[47.01214317883179,39.89573218865189],[47.03122756767567,39.88536480831809],[47.0455408593086,39.886162299112996],[47.07893853978541,39.891744734677346],[47.09086628281284,39.89014975308753],[47.11949286607867,39.872604955599556],[47.145733900739,39.85745263049631],[47.16481828958291,39.85107270413704],[47.17674603261034,39.85027521334213]],[[47.17674603261034,39.85027521334213],[47.18151712982129,39.853465176521766]],[[46.41814157606575,39.99940599198992],[46.408599381643825,40.01854577106771],[46.39905718722187,40.034495586965875],[46.38951499279992,40.039280531735315],[46.37758724977249,40.04087551332513],[46.356117312323136,40.038483040940406],[46.34657511790118,40.0376855501455],[46.33703292347923,40.04167300412004],[46.33703292347923,40.0480529304793],[46.34657511790118,40.06320525558256],[46.368045055350564,40.08712997942979],[46.375201701167015,40.09430739658397],[46.37758724977249,40.10307979532796],[46.37043060395604,40.111054703277034],[46.35850286092861,40.10626975850758],[46.34657511790118,40.09988983214832],[46.33703292347923,40.09988983214832],[46.32987627766278,40.104674776917776],[46.33226182626825,40.110257212482125],[46.33703292347923,40.115839648046475],[46.33226182626825,40.12142208361084],[46.31794853463535,40.12142208361084],[46.31317743742437,40.124612046790475],[46.31794853463535,40.13657440871408],[46.322719631846326,40.14454931666317],[46.315562986029875,40.149334261432614],[46.31794853463535,40.161296623356236],[46.3107918888189,40.16448658653587],[46.30602079160792,40.1581066601766],[46.301249694396944,40.15013175222752],[46.29647859718597,40.149334261432614],[46.29170749997499,40.15571418779187],[46.29409304858049,40.1884113103831],[46.308406340213395,40.193993745947466],[46.31794853463535,40.199576181511816],[46.31794853463535,40.219513451384515],[46.315562986029875,40.24343817523176]],[[46.315562986029875,40.244235666026654],[46.322719631846326,40.25460304636046],[46.348960666506656,40.26497042669426],[46.356117312323136,40.271350353053535],[46.36327395813959,40.28331271497716],[46.37281615256154,40.28411020577205],[46.39905718722187,40.28251522418225],[46.43006931909321,40.28171773338734],[46.44676815933158,40.2785277702077],[46.461081450964514,40.28251522418225]],[[46.461081450964514,40.28251522418225],[46.46346699956999,40.28251522418225]],[[46.46346699956999,40.28251522418225],[46.52310571470716,40.308832420414205],[46.53980455494556,40.31919980074801],[46.54457565215651,40.32159227313274],[46.554117846578464,40.33116216267163],[46.554117846578464,40.333554635056345],[46.55650339518397,40.33993456141562],[46.57081668681687,40.34950445095451],[46.5827444298443,40.34950445095451],[46.587515527055274,40.35269441413415],[46.594672172871725,40.360669322083226],[46.61614211032111,40.37023921162212],[46.64953979079792,40.380606591955925],[46.661467533825345,40.38220157354574],[46.67339527685277,40.38937899069991],[46.6853230198802,40.398948880238805],[46.69725076290763,40.40293633421334],[46.70440740872408,40.40692378818788],[46.72587734617346,40.41250622375223]],[[46.90479349158491,40.30484496643966],[46.914335686006865,40.30085751246513],[46.92387788042882,40.30006002167022],[46.93580562345625,40.29687005849058],[46.9429622692727,40.289692641336416],[46.947733366483675,40.28092024259243],[46.96920330393303,40.27374282543825],[46.981131046960485,40.27294533464335],[46.99067324138241,40.26417293589935],[47.007372081620815,40.25460304636046],[47.01691427604277,40.24662813841138]],[[80.88454782812829,30.21020648449485],[80.90840331418315,30.23094124516245],[80.95611428629286,30.244498588675892],[80.97519867513677,30.254865969009696]],[[37.75382904094042,47.075541815208155],[37.772913429784296,47.119403808928084],[37.75860013815138,47.18559554490545],[37.75621458954589,47.24700233611337],[37.75621458954589,47.26454713360134],[37.77768452699527,47.29006683903839],[37.78722672141721,47.306814145731465],[37.784841172811724,47.36184101058011],[37.7395157493075,47.42803274655746],[37.66556374253743,47.501401899689],[37.59399728437285,47.60427821223212],[37.529587472024716,47.69917961682617],[37.50811753457535,47.76218138962389],[37.50096088875888,47.82199319924199],[37.49380424294243,47.87383010091101],[37.50096088875888,47.92486951178512],[37.53435856923569,47.97750390424905],[37.57729844413444,48.009403536045355],[37.63455161066611,48.03093578750787],[37.71088916604167,48.05884796532965],[37.732359103491035,48.08915261553615],[37.76814233257333,48.188838964899645],[37.77052788117881,48.20000383602836],[37.80154001305013,48.221536087490875],[37.82300995049951,48.24306833895339],[37.8397087907379,48.25263822849229],[37.849250985159856,48.26779055359553],[37.90411860308603,48.32600738162381],[37.95898622101221,48.383426718857194],[38.04963706802069,48.41054140588406],[38.187998887138875,48.433668638936396],[38.304890768807695,48.45440339960399]],[[38.304890768807695,48.45440339960399],[38.304890768807695,48.45440339960399]],[[47.2316136505365,39.75457631795318],[47.2173003589036,39.74261395602956],[47.20537261587617,39.73384155728557],[47.186288227032264,39.72825912172122],[47.16481828958291,39.72825912172122],[47.15766164376643,39.73304406649066],[47.148119449344506,39.73703152046521],[47.1290350605006,39.731449084900845],[47.12187841468415,39.72028421377213],[47.11710731747317,39.72028421377213],[47.11233622026219,39.71470177820778],[47.114721768867696,39.70513188866889],[47.10517957444574,39.692372035950356],[47.09086628281284,39.68519461879619],[47.07893853978541,39.68280214641146],[47.06462524815248,39.680409674026734],[47.03599866488665,39.66366236733367],[47.03122756767567,39.65728244097441],[47.0288420190702,39.6461175698457],[47.05269750512505,39.642130115871154],[47.09086628281284,39.642130115871154],[47.10517957444574,39.63814266189662],[47.11233622026219,39.63415520792208],[47.11233622026219,39.61900288281883],[47.10995067165672,39.60943299327994],[47.09563738002379,39.6062430301003],[47.05508305373053,39.6062430301003],[47.0431553107031,39.603053066920666],[47.033613116281174,39.584710778637785],[47.0288420190702,39.578330852278526],[47.03122756767567,39.57354590750907],[47.074167442574435,39.58072332466325],[47.11710731747317,39.58949572340724],[47.12187841468415,39.58231830625306],[47.11710731747317,39.57514088909889],[47.11233622026219,39.56716598114981],[47.11233622026219,39.53048140458405],[47.10517957444574,39.52250649663496],[47.09563738002379,39.52011402425025],[47.09086628281284,39.52011402425025],[47.074167442574435,39.51851904266043],[47.06223969954701,39.50496169914699],[47.06223969954701,39.50017675437755],[47.06939634536346,39.49140435563356],[47.07893853978541,39.47704952132521],[47.08370963699636,39.470669594965955],[47.07655299117991,39.46907461337614],[47.05746860233603,39.474657048940486],[47.047926407914076,39.47704952132521],[47.021685373253746,39.488214392453926],[47.007372081620815,39.489011883248835],[47.00498653301534,39.4858219200692],[47.03838421349212,39.44754236191362],[47.040769762097625,39.44514988952889],[47.05269750512505,39.424415128861284],[47.0455408593086,39.419630184091844],[47.040769762097625,39.418832693296935],[47.033613116281174,39.418832693296935],[47.0288420190702,39.405275349783494],[47.007372081620815,39.399692914219145],[46.99067324138241,39.386135570705704],[46.98351659556596,39.384540589115886],[46.9572755609056,39.3957054602446],[46.95250446369465,39.40208538660387],[46.954890012300126,39.40687033137331],[46.954890012300126,39.41325025773257],[46.94534781787817,39.42202265647657],[46.9429622692727,39.42840258283583],[46.92626342903429,39.436377490784906],[46.914335686006865,39.442757417144165],[46.91195013740136,39.450732325093256],[46.91672123461234,39.46030221463215],[46.895251297162986,39.45870723304233],[46.880938005530055,39.45950472383724],[46.86901026250263,39.46349217781177],[46.8570825194752,39.47226457655577],[46.847540325053245,39.47864450291503],[46.83084148481484,39.47704952132521],[46.83084148481484,39.476252030530304],[46.82368483899839,39.46827712258123],[46.814142644576435,39.450732325093256],[46.81652819318194,39.438769963169634],[46.82368483899839,39.42680760124601],[46.82368483899839,39.42042767488675],[46.79744380433806,39.41484523932239],[46.773588318283174,39.40766782216822],[46.76404612386125,39.405275349783494],[46.76404612386125,39.40687033137331],[46.761660575255746,39.423617638066375],[46.75688947804477,39.452327306683074],[46.75688947804477,39.46668214099141],[46.754503929439295,39.46747963178632],[46.76404612386125,39.48502442927429],[46.75927502665027,39.49698679119791],[46.76643167246672,39.51054413471135],[46.75688947804477,39.51931653345534],[46.74496173501734,39.526493950609506],[46.73064844338444,39.52888642299423],[46.70679295732958,39.5256964598146],[46.67816637406375,39.52091151504516],[46.68293747127473,39.53446885855858],[46.694865214302155,39.56716598114981],[46.67339527685277,39.56876096273963],[46.661467533825345,39.57115343512436],[46.65908198521984,39.57753336148362],[46.680551922669224,39.58790074181742],[46.70917850593506,39.59428066817668],[46.73303399198991,39.599065612946134],[46.73303399198991,39.598268122151225],[46.74019063780639,39.59507815897159],[46.74496173501734,39.59348317738177],[46.74496173501734,39.59986310374104],[46.747347283622844,39.622990336793364],[46.73780508920089,39.63256022633226],[46.74973283222832,39.64851004223043],[46.721106248962485,39.66286487653876],[46.69725076290763,39.669244802898035]],[[46.69725076290763,39.669244802898035],[46.680551922669224,39.669244802898035],[46.66623863103632,39.66525734892349],[46.661467533825345,39.63335771712717],[46.661467533825345,39.630167753947546],[46.65669643661437,39.61023048407485],[46.63761204777049,39.603053066920666],[46.62568430474306,39.597470631356316],[46.62329875613756,39.597470631356316]],[[35.78098034420344,4.619524366693671],[35.70702833743337,4.619524366693671]],[[35.630690782057826,33.27496360932609],[35.642618525085254,33.26619121058211],[35.65454626811268,33.26220375660756],[35.676016205562064,33.275761100121],[35.69510059440594,33.292508406814065],[35.71179943464435,33.306863241122414],[35.7189560804608,33.31643313066131],[35.716570531855325,33.32680051099511]],[[73.71120317143172,36.893976836618364],[73.70881762282622,36.874039566745665],[73.71120317143172,36.86207720482204],[73.7135887200372,36.856494769257694],[73.72313091445915,36.849317352103526],[73.7302875602756,36.84612738892389],[73.73744420609205,36.84373491653916],[73.77561298377984,36.83815248097481],[73.78515517820179,36.83416502700027],[73.79708292122922,36.82858259143592],[73.7994684698347,36.82778510064101],[73.81139621286212,36.816620229512296],[73.81378176146762,36.81582273871739],[73.86864937939379,36.785518088510884],[73.86864937939379,36.784720597715975],[73.88057712242122,36.7767456897669],[73.8877337682377,36.77116325420255],[73.89011931684317,36.76398583704837],[73.89011931684317,36.75601092909929],[73.89250486544864,36.75122598432985],[73.89250486544864,36.746441039560395],[73.88534821963219,36.733681186841864],[73.8877337682377,36.73049122366224],[73.8877337682377,36.72012384332844],[73.88534821963219,36.714541407764074],[73.87819157381574,36.71135144458445],[73.87342047660476,36.71135144458445],[73.85433608776088,36.714541407764074],[73.8328661503115,36.721718824918256],[73.8018540184402,36.728098751277514],[73.78992627541277,36.72889624207242],[73.78754072680726,36.728098751277514],[73.76845633796339,36.71773137094371],[73.76129969214693,36.71613638935389],[73.75652859493596,36.71613638935389],[73.73744420609205,36.72411129730297],[73.72790201167012,36.726503769687696],[73.72074536585367,36.727301260482605],[73.7159742686427,36.72490878809788],[73.69450433119331,36.71055395378954],[73.68496213677136,36.70497151822518],[73.67780549095491,36.70417402743027],[73.67303439374393,36.70417402743027],[73.6611066507165,36.708958972199724],[73.65395000490005,36.71055395378954],[73.6277089702397,36.70975646299463],[73.62293787302872,36.71055395378954],[73.61816677581777,36.71214893537936],[73.61816677581777,36.712946426174256],[73.61339567860679,36.71533889855898],[73.60862458139582,36.721718824918256],[73.59908238697386,36.732883696046954],[73.59431128976291,36.73527616843168],[73.58954019255194,36.73527616843168],[73.57761244952451,36.72889624207242],[73.57045580370803,36.728098751277514],[73.56568470649708,36.728098751277514],[73.5585280606806,36.73128871445715],[73.55375696346962,36.73208620525206],[73.5418292204422,36.732883696046954],[73.52035928299284,36.73049122366224],[73.51320263717636,36.73128871445715],[73.45356392203922,36.747238530355304],[73.42970843598437,36.75122598432985],[73.41539514435144,36.75202347512476],[73.31520210292103,36.72092133412335],[73.29611771407716,36.71773137094371],[73.2865755196552,36.7169338801488],[73.2698766794168,36.71852886173862],[73.24363564475644,36.71613638935389],[73.21739461009611,36.71214893537936],[73.21262351288513,36.712946426174256],[73.20785241567415,36.71533889855898],[73.19353912404125,36.728098751277514],[73.18161138101382,36.733681186841864],[73.17684028380285,36.73447867763677],[73.17206918659187,36.732883696046954],[73.14105705472056,36.713743916969165],[73.13151486029861,36.70975646299463],[73.0981171798218,36.702579045840466],[73.07903279097792,36.70098406425065],[73.07426169376694,36.69859159186592],[73.07187614516144,36.694604137891375],[73.07187614516144,36.68583173914739],[73.07426169376694,36.66350199688996],[73.07664724237242,36.651539634966355],[73.09334608261082,36.618045021580215],[73.09573163121632,36.60927262283623],[73.09573163121632,36.6068801504515],[73.09334608261082,36.60369018727188],[73.08618943679437,36.59013284375844],[73.07187614516144,36.57338553706538],[73.06949059655597,36.56860059229592],[73.06710504795049,36.55584073957739],[73.06233395073951,36.548663322423224],[73.05517730492306,36.53989092367924],[73.04802065910658,36.53510597890978],[73.0432495618956,36.53111852493525],[72.98838194396944,36.51437121824219],[72.97883974954749,36.50799129188292],[72.97883974954749,36.504003837908385],[72.98122529815299,36.50001638393384],[72.98599639536397,36.495231439164385],[72.98838194396944,36.48885151280513],[72.99076749257492,36.484066568035686],[72.98838194396944,36.476091660086595],[72.98599639536397,36.47290169690697],[72.98122529815299,36.470509224522246],[72.95498426349263,36.46811675213752],[72.9263576802268,36.46811675213752],[72.90727329138292,36.46572427975279],[72.8953455483555,36.46173682577826],[72.89057445114452,36.456951881008806],[72.88818890253901,36.452166936239365],[72.88580335393354,36.438609592725925],[72.88580335393354,36.413887378083786],[72.88818890253901,36.40272250695507],[72.88341780532807,36.39235512662127],[72.87626115951159,36.38438021867219],[72.86910451369513,36.37959527390274],[72.83809238182383,36.37401283833839],[72.82139354158542,36.36444294879949],[72.78561031250314,36.328555863028626],[72.76652592365923,36.31978346428464],[72.75221263202633,36.31659350110502],[72.7378993403934,36.311011065540654],[72.71881495154952,36.29984619441194],[72.71404385433854,36.29585874043741],[72.69257391688916,36.27113652579526],[72.68780281967821,36.26954154420544],[72.68064617386173,36.26954154420544],[72.6544051392014,36.278313942949424],[72.64247739617397,36.27911143374433],[72.63293520175202,36.278313942949424],[72.62100745872459,36.27671896135962],[72.60669416709166,36.272731507385075],[72.59476642406423,36.26395910864109],[72.58522422964231,36.257579182281816],[72.57806758382583,36.24960427433274],[72.57091093800938,36.24242685717857],[72.5685253894039,36.23684442161422],[72.56375429219293,36.23046449525495],[72.55421209777097,36.18899497391973],[72.5518265491655,36.17384264881649],[72.5518265491655,36.169855194841944],[72.55421209777097,36.16666523166232],[72.56136874358745,36.15550036053361],[72.56136874358745,36.143537998609986],[72.53512770892709,36.11642331158312],[72.53035661171612,36.10844840363404],[72.53035661171612,36.10286596806968],[72.52797106311064,36.09728353250533],[72.53035661171612,36.09090360614606],[72.53512770892709,36.08292869819698],[72.53512770892709,36.079738735017344],[72.53751325753257,36.07654877183772],[72.54228435474354,36.072561317863176],[72.57329648661488,36.05023157560575],[72.57806758382583,36.04305415845158],[72.58045313243133,36.035079250502505],[72.58760977824778,36.01833194380944],[72.58999532685328,36.015939471424716],[72.58760977824778,36.01274950824508],[72.51604332008321,35.9042907601376],[72.55659764637647,35.889138435034354],[72.6544051392014,35.854846330853306],[72.65679068780688,35.8540488400584],[72.74982708342083,35.8444789505195],[72.79276695831959,35.837301533365334],[72.79753805553057,35.83809902416024],[72.80708024995249,35.83889651495515],[72.809465798558,35.84128898733988],[72.81423689576897,35.84846640449405],[72.8571767706677,35.869998655956564],[72.86433341648416,35.87318861913619],[72.87149006230064,35.873986109931096],[72.97168310373104,35.87797356390564],[72.97883974954749,35.87717607311073],[72.98599639536397,35.874783600726005],[73.00746633281332,35.86521371118711],[73.00985188141883,35.8644162203922],[73.01462297862977,35.86122625721258],[73.01700852723528,35.86122625721258],[73.03132181886818,35.856441312443124],[73.05279175631756,35.856441312443124],[73.05994840213401,35.85803629403294],[73.06471949934499,35.85963127562276],[73.06710504795049,35.86202374800747],[73.07187614516144,35.86521371118711],[73.0814183395834,35.87318861913619],[73.08618943679437,35.87637858231582],[73.09096053400535,35.873986109931096],[73.09334608261082,35.87079614675147],[73.09334608261082,35.868403674366746],[73.10765937424375,35.856441312443124],[73.11958711727118,35.84846640449405],[73.1291293116931,35.842883968929684],[73.14821370053701,35.83251658859588],[73.15059924914249,35.831719097800985],[73.15537034635346,35.8245416806468],[73.15059924914249,35.817364263492635],[73.13151486029861,35.80221193838939],[73.1291293116931,35.799021975209754],[73.1291293116931,35.79662950282503],[73.12197266587665,35.74479260115601],[73.12197266587665,35.73681769320693],[73.12674376308763,35.72485533128331],[73.1291293116931,35.72007038651387],[73.13628595750959,35.71528544174441],[73.22693680451803,35.66344854007541],[73.24125009615096,35.65467614133141],[73.24363564475644,35.650688687356876],[73.25079229057292,35.64510625179251],[73.28180442244422,35.62756145430454],[73.28896106826068,35.6227765095351],[73.29134661686618,35.6227765095351],[73.29611771407716,35.61719407397074],[73.29850326268263,35.613206619996205],[73.3032743598936,35.60204174886749],[73.30565990849908,35.600446767277674],[73.30804545710458,35.600446767277674],[73.31043100571006,35.598851785687856],[73.32474429734299,35.59566182250822],[73.32951539455394,35.59566182250822],[73.34859978339784,35.59725680409804],[73.3557564292143,35.59645931330313],[73.36529862363625,35.59486433171331],[73.37484081805817,35.5924718593286],[73.38199746387465,35.58848440535405],[73.3891541096911,35.58369946058461],[73.39153965829658,35.580509497404975],[73.39631075550756,35.57014211707117],[73.40823849853498,35.54940735640356],[73.41062404714046,35.547812374813745],[73.4416361790118,35.561369718327185],[73.46310611646118,35.55817975514755],[73.46549166506665,35.55738226435264],[73.50366044275444,35.53425503130032],[73.50366044275444,35.53345754050541],[73.56568470649708,35.541432448454486],[73.6300945188452,35.543027430044305],[73.75891414354143,35.52707761414614],[73.77084188656886,35.5222926693767],[73.77322743517436,35.5222926693767],[73.77799853238534,35.505545362683634],[73.77799853238534,35.502355399504],[73.78276962959629,35.46088587816878],[73.78276962959629,35.456898424194236],[73.78515517820179,35.452910970219705],[73.78515517820179,35.44732853465534],[73.78038408099081,35.44493606227063],[73.77799853238534,35.4425435898859],[73.76845633796339,35.439353626706264],[73.74221530330303,35.42739126478264],[73.72790201167012,35.41782137524375],[73.72551646306462,35.415428902859034],[73.72551646306462,35.4122389396794],[73.72313091445915,35.40825148570485],[73.71835981724817,35.39788410537105],[73.69450433119331,35.36598447357474],[73.68973323398234,35.357212074830755],[73.68973323398234,35.34524971290713],[73.68734768537686,35.31733753508536],[73.68734768537686,35.310160117931176],[73.68973323398234,35.30697015475155],[73.71835981724817,35.26390565182652],[73.72074536585367,35.259120707057065],[73.72074536585367,35.254335762287624],[73.71835981724817,35.239183437184366],[73.7159742686427,35.234398492414925],[73.7159742686427,35.22482860287603],[73.72313091445915,35.216056204132045],[73.72790201167012,35.21127125936259],[73.73505865748658,35.20887878697788],[73.73982975469755,35.20967627777277],[73.746986400514,35.21366373174732],[73.76607078935788,35.23120852923529],[73.77084188656886,35.23280351082511],[73.77561298377984,35.235195983209834],[73.8018540184402,35.235195983209834],[73.81378176146762,35.23280351082511],[73.82093840728407,35.23041103844038],[73.84002279612795,35.221638639696394],[73.85910718497186,35.20489133300333],[73.86387828218281,35.202498860618604],[73.87103492799929,35.202498860618604],[73.8877337682377,35.20808129618297],[73.89727596265962,35.20728380538806],[73.89727596265962,35.20648631459315],[73.90920370568705,35.20329635141351],[73.92351699731998,35.19851140664407],[73.94975803198031,35.1721942104121],[73.95691467779679,35.169801738027374],[73.96168577500777,35.16900424723248],[73.96884242082422,35.1721942104121],[73.97599906664067,35.17458668279683],[73.99269790687907,35.17538417359174],[73.99985455269552,35.17378919200192],[74.00224010130103,35.17139671961719],[74.00701119851198,35.165016793257934],[74.00939674711748,35.163421811668115],[74.02609558735588,35.149864468154675],[74.03086668456686,35.14667450497505],[74.03563778177781,35.145079523385235],[74.05233662201621,35.144282032590326],[74.07857765667657,35.1418895602056],[74.09766204552045,35.1418895602056],[74.10243314273143,35.14029457861578],[74.10243314273143,35.126737235102354],[74.1048186913369,35.12115479953799],[74.11913198296983,35.111584909999095],[74.12390308018081,35.107597456024564],[74.12390308018081,35.09882505728058]],[[-55.9886889602396,-30.855258663196633],[-55.98153231442314,-30.875993423864237],[-55.97676121721217,-30.885563313403136],[-55.962447925579255,-30.897525675326754],[-55.9552912797628,-30.927830325533254],[-55.94336353673537,-30.928627816328163],[-55.93382134231342,-30.943780141431414],[-55.914736953469536,-30.950957558585586],[-55.8861103702037,-30.97647726402264],[-55.871797078570786,-30.978072245612456],[-55.82647165506655,-31.01954176694767],[-55.82647165506655,-31.036289073640738],[-55.81692946064461,-31.042669]],[[46.527876811918134,39.53845631253313],[46.57797333263332,39.56397601797018],[46.62329875613756,39.597470631356316]],[[46.48016583980839,39.578330852278526],[46.51594906889068,39.61182546566465],[46.56604558960589,39.63335771712717]],[[47.18151712982129,39.853465176521766],[47.20298706727067,39.81279314598146]],[[47.20298706727067,39.81279314598146],[47.16481828958291,39.77690606021061],[47.09802292862929,39.74341144682447],[47.02407092185922,39.69556199912999],[46.9596611095111,39.69875196230963],[46.91672123461234,39.71390428741287],[46.87616690831908,39.72427166774668],[46.821299290392915,39.731449084900845],[46.761660575255746,39.72028421377213],[46.73064844338444,39.69715698071981],[46.69725076290763,39.669244802898035]],[[46.46346699956999,40.28251522418225],[46.46585254817549,40.26178046351464],[46.4109849302493,40.233868285692864],[46.35134621511216,40.2282858501285],[46.315562986029875,40.24343817523176]],[[46.62329875613756,39.597470631356316],[46.60659991589915,39.626180299973],[46.5994432700827,39.63335771712717],[46.56604558960589,39.63335771712717]],[[46.56604558960589,39.63335771712717],[46.56604558960589,39.65967491335914],[46.561274492394915,39.674029747667475],[46.55173229797299,39.68200465561655],[46.55173229797299,39.70513188866889],[46.55650339518397,39.708321851848524],[46.57797333263332,39.708321851848524],[46.5827444298443,39.7162967597976],[46.58035888123882,39.726664140131405],[46.57081668681687,39.74739890079901],[46.568431138211395,39.76095624431244],[46.56604558960589,39.76574118908189],[46.57081668681687,39.79524834849349],[46.56366004100042,39.81438812757128],[46.55173229797299,39.82714798028981],[46.554117846578464,39.84708525016251],[46.53741900634006,39.858250121291206],[46.5135635202852,39.88935226229262],[46.4992502286523,39.906897059780604],[46.482551388413896,39.910884513755136],[46.46585254817549,39.92125189408894],[46.461081450964514,39.931619274422744],[46.45869590235901,39.946771599526],[46.45869590235901,39.96591137860379],[46.43722596490966,39.97946872211722],[46.41814157606575,39.99940599198992]],[[47.17674603261034,39.85027521334213],[47.18151712982129,39.853465176521766]],[[34.08485528570286,21.995253806148067],[34.1468795494455,22.19223403249033],[34.32102459764597,22.22652613667137],[34.502326291662925,22.26241322244223],[34.681242437074374,22.298300308213083],[34.77666438129381,22.5000654793248],[34.86254413109131,22.680298398973992],[34.943652783677834,22.858138846238464],[35.21321977609776,22.786364674696753],[35.346810498004984,22.9020008399584],[35.48755786572866,23.023219440784413],[35.62114858763587,23.13965309684097]],[[33.180732364223644,21.995253806148067],[33.304780891708916,21.90274487393874],[33.44075716222163,21.800666052190525],[33.557649043890436,21.711347083160835],[33.717480800458006,21.731284353033534],[33.86538481399815,21.749626641316414],[33.99897553590536,21.767171438804393],[34.08485528570286,21.995253806148067]],[[13.585836118761193,45.48933262413624],[13.621619347843477,45.460622955519554],[13.628775993659943,45.459027973929736],[13.64308928529286,45.459825464724645]],[[19.19664643886439,45.26523771076711],[19.222887473524736,45.2644402199722],[19.244357410974118,45.27161763712637],[19.25151405679057,45.27879505428055],[19.256285154001546,45.28118752666526],[19.270598445634462,45.279592545075445],[19.275369542845425,45.27321261871619],[19.270598445634462,45.26523771076711],[19.258670702607034,45.25247785804858],[19.26105625121251,45.242907968509684]],[[19.00818809903099,45.35934162456624],[19.02965803648037,45.350569225822255],[19.04874242532425,45.34817675343754],[19.053513522535226,45.345784281052815]],[[35.66647401114011,33.24705143150432],[35.685558399984004,33.24386146832468],[35.67840175416754,33.22472168924689],[35.6688595597456,33.21196183652836],[35.66170291392915,33.21275932732327]],[[35.63784742787428,33.07718589218892],[35.64500407369074,33.07080596582966],[35.63546187926879,33.031728916879175],[35.633076330663314,33.00780419303193],[35.62591968484685,32.91051031605316],[35.61399194181942,32.89535799094992]],[[35.640232976479766,32.82039385622856],[35.65454626811268,32.81002647589476],[35.65693181671817,32.77174691773918],[35.640232976479766,32.704757690966915],[35.640232976479766,32.67923798552985]],[[35.227533067730675,31.74457877389774],[35.23707526215263,31.74537626469265],[35.24423190796908,31.750958700257005],[35.24184635936359,31.75893360820609],[35.23468971354714,31.76132608059081],[35.229918616336164,31.762123571385718],[35.229918616336164,31.766111025360257],[35.23230416494165,31.768503497744984],[35.23230416494165,31.771693460924613],[35.229918616336164,31.77328844251443],[35.227533067730675,31.77807338728388],[35.227533067730675,31.790035749207494],[35.22514751912519,31.79641567556676]],[[35.2394608107581,31.79960563874639],[35.24423190796908,31.79880814795148],[35.24661745657457,31.801200620336207],[35.24900300518006,31.801998111131116],[35.251388553785546,31.79960563874639],[35.251388553785546,31.79721316636167],[35.24900300518006,31.79482069397694],[35.24900300518006,31.786845786027865],[35.251388553785546,31.786845786027865],[35.251388553785546,31.784453313643137],[35.24900300518006,31.784453313643137],[35.24423190796908,31.791630730797312],[35.2394608107581,31.79242822159222],[35.2394608107581,31.79561818477185],[35.23707526215263,31.798010657156578],[35.2394608107581,31.79960563874639]],[[35.186978741437414,31.80837803749038],[35.186978741437414,31.80837803749038]],[[35.186978741437414,31.80837803749038],[35.19890648446484,31.809973019080193],[35.22276197051971,31.801200620336207],[35.22514751912519,31.79641567556676]],[[35.22514751912519,31.79641567556676],[35.22514751912519,31.79641567556676]],[[35.22514751912519,31.79641567556676],[35.227533067730675,31.788440767617683],[35.227533067730675,31.772490951719522],[35.229918616336164,31.770895970129704],[35.227533067730675,31.75733862661627],[35.22514751912519,31.75733862661627],[35.22514751912519,31.750161209462096],[35.22276197051971,31.746173755487558],[35.22514751912519,31.74457877389774],[35.227533067730675,31.74457877389774]],[[35.227533067730675,31.74457877389774],[35.227533067730675,31.74457877389774]],[[35.227533067730675,31.74457877389774],[35.22276197051971,31.734211393563942],[35.220376421914224,31.734211393563942],[35.21560532470325,31.735806375153754],[35.208448678886796,31.746971246282467],[35.19890648446484,31.746971246282467],[35.14880996374964,31.73740135674357]],[[34.98659265857658,31.967078705677057],[34.97943601276013,31.968673687266875],[34.98659265857658,31.957508816138162],[34.99613485299854,31.92800165672657],[35.01999033905339,31.916836785597862],[35.027146984869844,31.891317080160807],[35.02476143626437,31.86898733790338],[34.99852040160401,31.871379810288108],[34.967508269732704,31.864202393133933],[34.95796607531075,31.858619957569577],[34.96035162391624,31.85383501280013],[34.96035162391624,31.843467632466325],[34.96273717252173,31.829112798157983],[34.974664915549155,31.817150436234368],[34.98659265857658,31.81475796384964],[35.00329149881499,31.81475796384964],[35.010448144631454,31.81555545464455],[35.027146984869844,31.817947927029277],[35.04146027650276,31.824327853388535],[35.0533880195302,31.83549272451725],[35.060544665346654,31.841872650876514],[35.06770131116312,31.841872650876514],[35.101098991639915,31.823530362593626],[35.11302673466734,31.824327853388535]],[[68.18388705252053,23.842242487154873],[68.18150150391503,23.835862560795608],[68.17911595530956,23.82788765284653],[68.17673040670408,23.798380493434937],[68.16718821228213,23.77286078799788],[68.16480266367662,23.75770846289463],[68.1695737608876,23.748138573355735],[68.17673040670408,23.753721008920092],[68.19581479554796,23.77365827879279],[68.19820034415343,23.753721008920092],[68.19581479554796,23.733783739047393],[68.19820034415343,23.714643959969603],[68.20774253857539,23.696301671686722],[68.2244413788138,23.68194683737838],[68.23636912184122,23.675566911019114],[68.2411402190522,23.673971929429296],[68.2578390592906,23.674769420224205],[68.27930899673996,23.68593429135292],[68.27692344813448,23.66599702148022],[68.2578390592906,23.660414585915863],[68.24591131626318,23.658819604326045],[68.23159802463024,23.64526226081261],[68.21967028160282,23.658819604326045],[68.21012808718086,23.662807058300583],[68.20058589275894,23.659617095120954],[68.18388705252053,23.652439677966786],[68.18150150391503,23.64765473319734],[68.17911595530956,23.634097389683898],[68.17434485809858,23.631704917299178],[68.15764601786017,23.632502408094087],[68.15048937204372,23.631704917299178],[68.14333272622727,23.612565138221388],[68.13140498319984,23.584652960399605]],[[71.70018569700696,21.021517545565455],[71.48071522530225,21.10046913426135],[71.4043776699267,21.001580275692763],[71.32326901734018,21.042252306233063],[71.1467384205342,21.10046913426135],[71.06562976794768,21.112431496184964],[70.88909917114171,21.1363562200322],[70.82230381018812,21.15390101752018],[70.78890612971131,21.259169802448024],[70.83423155321555,21.35805866101661],[70.82230381018812,21.399528182351826],[70.77697838668388,21.39314825599256],[70.74119515760157,21.39235076519765],[70.69586973409733,21.37560345850459],[70.65770095640957,21.346893789887904],[70.67678534525345,21.29984183298833],[70.66485760222602,21.270334673576738],[70.61953217872178,21.259169802448024],[70.58852004685048,21.28229703550036],[70.54558017195171,21.34051386352864],[70.54558017195171,21.399528182351826],[70.5670501094011,21.42823785096851],[70.59567669266693,21.44578264845649],[70.66485760222602,21.457745010380105],[70.74596625481254,21.475289807868084],[70.84615929624297,21.563013795307956],[70.8724003309033,21.60926826141262],[70.85331594205942,21.679447451364513],[70.82707490739907,21.760791512445127],[70.78413503250033,21.783918745497456],[70.75073735202352,21.785513727087274],[70.71495412294124,21.767171438804393],[70.70779747712479,21.743246714957156],[70.76505064365645,21.68502988692887],[70.76505064365645,21.597305899488997],[70.73880960899609,21.57417866643667],[70.67678534525345,21.568596230872313],[70.6147610815108,21.64994029195292],[70.46447151936519,21.696992248852492],[70.41437499864998,21.68502988692887],[70.34519408909088,21.57417866643667],[70.29986866558664,21.545468997819984],[70.2068322699727,21.59172346392464],[70.12572361738617,21.68502988692887],[70.10663922854229,21.732081843828443],[70.04938606201063,21.732081843828443],[69.9491930205802,21.801463542985434],[69.91579534010341,21.806248487754882],[69.87285546520465,21.79029867185672],[69.85138552775527,21.770361401984022],[69.84184333333334,21.743246714957156],[69.93010863173632,21.53908907146072],[69.98736179826798,21.233650097010976]],[[70.36904957514577,21.35247622545226],[70.40006170701707,21.35965364260643],[70.43823048470486,21.35247622545226],[70.4811703596036,21.29984183298833],[70.50025474844747,21.24720744052441],[70.48832700542005,21.21132035475355],[70.46447151936519,21.200155483624837],[70.43107383888838,21.20892788236883],[70.40006170701707,21.235245078600787],[70.35712183211831,21.29984183298833],[70.35235073490736,21.322969066040667],[70.36904957514577,21.35247622545226]],[[70.56227901219012,20.799815104581047],[70.58852004685048,20.907476361893625],[70.68871308828088,21.007162711257113],[70.80799051855519,20.966490680716813],[70.85331594205942,20.860424404994053],[70.82707490739907,20.79024521504215],[70.90341246277464,20.70571119078191]],[[71.3184979201292,20.84925953386534],[71.29941353128532,20.905881380303807],[71.51649845438453,20.995200349333498],[71.55228168346684,20.97366809787098]],[[38.304890768807695,48.45440339960399],[38.304890768807695,48.45440339960399]],[[38.304890768807695,48.45440339960399],[38.30966186601866,48.44961845483455],[38.323975157651574,48.44323852847529],[38.34067399788998,48.439251074500746],[38.345445095100956,48.439251074500746],[38.35021619231192,48.43845358370584],[38.364529483944835,48.43287114814149],[38.36930058115581,48.43207365734658],[38.37645722697228,48.43207365734658],[38.38361387278873,48.43606111132111],[38.39315606721067,48.44323852847529],[38.400312713027134,48.44244103768038],[38.40508381023811,48.43765609291093],[38.41701155326554,48.4240987493975],[38.4217826504765,48.41692133224332],[38.42416819908199,48.41133889667897],[38.42416819908199,48.408148933499334],[38.42893929629297,48.400971516345166],[38.43609594210942,48.39698406237062],[38.4575658795588,48.38581919124191],[38.46710807398074,48.37624930170301],[38.481421365613656,48.35790701342013],[38.483806914219144,48.35312206865069],[38.483806914219144,48.350729596265964],[38.481421365613656,48.34753963308633],[38.481421365613656,48.344349669906705],[38.47903581700817,48.34115970672707],[38.471879171191716,48.336374761957615],[38.46233697676976,48.33318479877799],[38.41701155326554,48.32839985400854],[38.41224045605456,48.32680487241872],[38.40985490744907,48.32441240003401],[38.40985490744907,48.318032473674734],[38.41224045605456,48.310855056520566],[38.41939710187101,48.298892694596944],[38.42416819908199,48.28533535108352],[38.42655374768748,48.28214538790388],[38.431324844898455,48.278955424724245],[38.44563813653137,48.274967970749714],[38.45995142816429,48.272575498364986],[38.560144469594704,48.278955424724245],[38.567301115411155,48.27736044313443],[38.56968666401664,48.274170479954805],[38.576843309833095,48.26619557200573],[38.58161440704407,48.25662568246682],[38.58399995564956,48.24625830213303],[38.58877105286054,48.23748590338903],[38.60546989309893,48.2135611795418],[38.60546989309893,48.21037121636216],[38.607855441704416,48.207181253182526],[38.60546989309893,48.203193799207995],[38.600698795887965,48.18724398330984],[38.600698795887965,48.183256529335296],[38.60308434449345,48.17926907536075],[38.610240990309904,48.17528162138622],[38.6293253791538,48.165711731847324],[38.75575945524456,48.133812100051],[38.81301262177621,48.11148235779358],[38.81778371898719,48.10829239461394],[38.82016926759269,48.1035074498445],[38.82255481619816,48.093937560305605],[38.81778371898719,48.08516516156162],[38.810627073170735,48.075595272022724],[38.80585597595976,48.06841785486856],[38.801084878748796,48.060442946919466],[38.801084878748796,48.056455492944934],[38.80585597595976,48.05007556658566],[38.81539817038171,48.042898149431494],[38.83925365643657,48.02774582432825],[38.863109142491425,48.01977091637916],[38.93467560065602,48.02136589796898],[39.02771199626997,48.00701106366064],[39.03248309348095,48.00142862809628],[39.03486864208642,47.99185873855738],[39.030097544875446,47.95916161596617],[39.03248309348095,47.94959172642727],[39.03486864208642,47.94241430927309],[39.0396397392974,47.93842685529856],[39.0539530309303,47.93124943814438],[39.0539530309303,47.92407202099021],[39.056338579535804,47.91769209463095],[39.0372541906919,47.86585519296193],[39.0372541906919,47.857082794217945]],[[38.304890768807695,48.45440339960399],[38.30250522020221,48.459188344373445],[38.30250522020221,48.47434066947669],[38.304890768807695,48.48630303140031],[38.30966186601866,48.49427793934939],[38.312047414624146,48.50065786570866],[38.314432963229635,48.50384782888828],[38.314432963229635,48.52059513558136],[38.30966186601866,48.52378509876098],[38.304890768807695,48.5253800803508],[38.29057747717478,48.52777255273553],[38.27626418554186,48.53176000671007],[38.26672199111991,48.53654495147951],[38.261950893908946,48.54053240545406],[38.25956534530346,48.54451985942859],[38.25956534530346,48.547709822608226],[38.261950893908946,48.55249476737768],[38.2691075397254,48.56365963850638],[38.2691075397254,48.573229528045275],[38.26672199111991,48.57960945440455],[38.25479424809248,48.601141705867065],[38.29057747717478,48.645003699586994],[38.32636070625706,48.67291587740877],[38.41701155326554,48.69365063807638],[38.49812020585206,48.68886569330694],[38.58161440704407,48.67291587740877],[38.66272305963059,48.68089078535786],[38.77484384408844,48.705613],[38.82732591340914,48.69365063807638],[38.89889237157371,48.66414347866478],[38.9513744408944,48.63144635607357],[39.01816980184802,48.63623130084301],[39.06826632256323,48.643408717997175],[39.108820648856494,48.64978864435645],[39.115977294672945,48.65616857071571],[39.13267613491135,48.67451085899859],[39.1398327807278,48.677700822178224],[39.16130271817718,48.68168827615277],[39.235254724947254,48.691258165691664],[39.2972789886899,48.67291587740877],[39.35691770382704,48.63144635607357],[39.41655641896418,48.61071159540596],[39.45711074525747,48.582001926789275],[39.51197836318363,48.582799417584184],[39.54060494644946,48.58838185314853],[39.54537604366044,48.58838185314853],[39.554918238082394,48.59476177950779],[39.55968933529334,48.5955592703027],[39.61694250182501,48.586786871558715],[39.63125579345794,48.586786871558715]],[[116.51033070245703,6.53270478367784],[116.82283756977569,5.939371632266326],[117.09956120801209,5.415420180011804],[117.3882125892759,4.866746513115135],[117.63392409564096,4.409784287632878]]]}